Source,Sample,Tag.number,Recapture,Length,Sex,Colour,Damage.old.a,Damage.old.l,Damage.new.a,Damage.new.l,Dead,Individual.remarks,Reproductive.stage,Setose.state,Egg.stage,Moult.stage,Cable.tie,Trip,Outlier,Total.damage,Count,Family,Genus,Species
Dongara.Millers.Masters,1.1.LH34,K1725,,68,Female,Red,0,0,0,0,Alive,,,,,,FALSE,1,,0,1,Palinuridae,Panulirus,cygnus
Dongara.Millers.Masters,1.1.LH37,K1726,,80,Male,Red,0,0,0,0,Alive,,,,,,FALSE,1,,0,1,Palinuridae,Panulirus,cygnus
Dongara.Millers.Masters,1.1.LH37,191038,,66,Male,Red,0,0,0,0,Alive,,,,,,FALSE,1,,0,1,Palinuridae,Panulirus,cygnus
Dongara.Millers.Masters,1.1.LH38,191037,,69.6,Male,Red,0,0,0,0,Alive,,,,,,FALSE,1,,0,1,Palinuridae,Panulirus,cygnus
Dongara.Millers.Masters,1.1.CHout2_19,191036,,68.1,Female,Red,0,0,0,0,Alive,,,,,,FALSE,1,,0,1,Palinuridae,Panulirus,cygnus
Dongara.Millers.Masters,1.1.CHout2_21,K1728,,85.6,Male,Red,0,0,0,0,Alive,,,,,,FALSE,1,,0,1,Palinuridae,Panulirus,cygnus
Dongara.Millers.Masters,1.1.CHout2_21,191035,,55.4,Female,Red,0,0,0,0,Alive,,,,,,FALSE,1,,0,1,Palinuridae,Panulirus,cygnus
Dongara.Millers.Masters,1.1.CHout2_21,191034,,47.8,Male,Red,0,0,0,0,Alive,,,,,,FALSE,1,,0,1,Palinuridae,Panulirus,cygnus
Dongara.Millers.Masters,1.1.CHout2_22,191033,,45.6,Male,Red,0,0,0,0,Alive,,,,,,FALSE,1,,0,1,Palinuridae,Panulirus,cygnus
Dongara.Millers.Masters,1.1.CHout2_23,191032,,65.9,Female,Red,0,0,0,0,Alive,,,,,,FALSE,1,,0,1,Palinuridae,Panulirus,cygnus
Dongara.Millers.Masters,1.1.CHout2_23,191031,,56.9,Female,Red,0,0,0,0,Alive,,,,,,FALSE,1,,0,1,Palinuridae,Panulirus,cygnus
Dongara.Millers.Masters,1.1.CHout2_25,K1736,,66.4,Male,Red,0,0,0,0,Alive,,,,,,FALSE,1,,0,1,Palinuridae,Panulirus,cygnus
Dongara.Millers.Masters,1.1.CHout2_25,191022,,64.4,Female,Red,0,0,0,0,Alive,,,,,,FALSE,1,,0,1,Palinuridae,Panulirus,cygnus
Dongara.Millers.Masters,1.1.CHout2_25,191021,,62.4,Male,Red,0,0,0,0,Alive,,,,,,FALSE,1,,0,1,Palinuridae,Panulirus,cygnus
Dongara.Millers.Masters,1.1.CHout2_25,191020,,51.8,Male,Red,0,0,0,0,Alive,,,,,,FALSE,1,,0,1,Palinuridae,Panulirus,cygnus
Dongara.Millers.Masters,1.1.CHout2_25,191019,,48.2,Female,Red,0,0,0,0,Alive,,,,,,FALSE,1,,0,1,Palinuridae,Panulirus,cygnus
Dongara.Millers.Masters,1.1.CHout2_26,191018,,52.5,Male,Red,0,0,0,0,Alive,,,,,,FALSE,1,,0,1,Palinuridae,Panulirus,cygnus
Dongara.Millers.Masters,1.1.CHout2_26,K1737,,66.3,Male,Red,0,0,0,0,Alive,,,,,,FALSE,1,,0,1,Palinuridae,Panulirus,cygnus
Dongara.Millers.Masters,1.1.CHout2_26,191017,,56.1,Female,Red,0,0,0,0,Alive,,,,,,FALSE,1,,0,1,Palinuridae,Panulirus,cygnus
Dongara.Millers.Masters,1.1.CHout2_26,K1738,,73.2,Male,Red,0,0,0,0,Alive,,,,,,FALSE,1,,0,1,Palinuridae,Panulirus,cygnus
Dongara.Millers.Masters,1.1.CHout2_26,191016,,57.6,Male,Red,0,0,0,0,Alive,,,,,,FALSE,1,,0,1,Palinuridae,Panulirus,cygnus
Dongara.Millers.Masters,1.1.CHout2_26,191015,,43.6,Male,Red,0,0,0,0,Alive,,,,,,FALSE,1,,0,1,Palinuridae,Panulirus,cygnus
Dongara.Millers.Masters,1.1.CHin1_1,191030,,57.4,Female,Red,0,0,0,0,Alive,,,,,,FALSE,1,,0,1,Palinuridae,Panulirus,cygnus
Dongara.Millers.Masters,1.1.CHin1_3,191029,,56,Female,Red,0,0,1,0,Alive,,,,,,FALSE,1,,1,1,Palinuridae,Panulirus,cygnus
Dongara.Millers.Masters,1.1.CHin1_3,191028,,43.8,Female,Red,0,0,0,0,Alive,,,,,,FALSE,1,,0,1,Palinuridae,Panulirus,cygnus
Dongara.Millers.Masters,1.1.CHin1_4,K1729,,66.5,Female,Red,0,0,0,0,Alive,,,,,,FALSE,1,,0,1,Palinuridae,Panulirus,cygnus
Dongara.Millers.Masters,1.1.CHin1_4,191027,,48.4,Female,Red,0,0,0,0,Alive,,,,,,FALSE,1,,0,1,Palinuridae,Panulirus,cygnus
Dongara.Millers.Masters,1.1.CHin1_4,191026,,44.2,Female,Red,0,0,0,0,Alive,,,,,,FALSE,1,,0,1,Palinuridae,Panulirus,cygnus
Dongara.Millers.Masters,1.1.CHin1_5,191025,,55.6,Female,Red,0,0,0,0,Alive,,,,,,FALSE,1,,0,1,Palinuridae,Panulirus,cygnus
Dongara.Millers.Masters,1.1.CHin1_6,K1730,,68.3,Male,Red,0,0,0,0,Alive,,,,,,FALSE,1,,0,1,Palinuridae,Panulirus,cygnus
Dongara.Millers.Masters,1.1.CHin1_6,191024,,46.4,Male,Red,0,0,0,0,Alive,,,,,,FALSE,1,,0,1,Palinuridae,Panulirus,cygnus
Dongara.Millers.Masters,1.1.CHin1_8,K1731,,76.8,Male,Red,0,0,0,0,Alive,,,,,,FALSE,1,,0,1,Palinuridae,Panulirus,cygnus
Dongara.Millers.Masters,1.1.CHin1_8,191023,,59.2,Female,Red,0,0,0,0,Alive,,,,,,FALSE,1,,0,1,Palinuridae,Panulirus,cygnus
Dongara.Millers.Masters,1.1.CHin2_39,K1732,,68.2,Male,Red,0,0,0,0,Alive,,,,,,FALSE,1,,0,1,Palinuridae,Panulirus,cygnus
Dongara.Millers.Masters,1.1.CHin2_43,K1733,,67.5,Male,Red,0,0,0,0,Alive,,,,,,FALSE,1,,0,1,Palinuridae,Panulirus,cygnus
Dongara.Millers.Masters,1.1.CHin2_43,K1735,,74.5,Female,Red,0,0,0,0,Alive,,,,,,FALSE,1,,0,1,Palinuridae,Panulirus,cygnus
Dongara.Millers.Masters,1.1.JB30,K1719,,78.5,Male,Red,0,0,0,0,Alive,,,,,,FALSE,1,,0,1,Palinuridae,Panulirus,cygnus
Dongara.Millers.Masters,1.1.JB30,K1720,,56.3,Male,Red,0,0,0,0,Alive,,,,,,FALSE,1,,0,1,Palinuridae,Panulirus,cygnus
Dongara.Millers.Masters,1.1.JB31,K1721,,77.8,Female,Red,0,0,0,0,Alive,,,,,,FALSE,1,,0,1,Palinuridae,Panulirus,cygnus
Dongara.Millers.Masters,1.1.JB31,K1722,,70.7,Male,Red,0,0,0,0,Alive,,,,,,FALSE,1,,0,1,Palinuridae,Panulirus,cygnus
Dongara.Millers.Masters,1.1.JB31,191049,,40.8,Female,Red,0,0,0,0,Alive,,,,,,FALSE,1,,0,1,Palinuridae,Panulirus,cygnus
Dongara.Millers.Masters,1.1.JB31,191048,,40.9,Female,Red,0,0,0,0,Alive,,,,,,FALSE,1,,0,1,Palinuridae,Panulirus,cygnus
Dongara.Millers.Masters,1.1.JB32,K1723,,80.2,Female,Red,0,0,1,0,Alive,,,,,,FALSE,1,,1,1,Palinuridae,Panulirus,cygnus
Dongara.Millers.Masters,1.1.JB32,191047,,50.8,Male,Red,0,0,0,0,Alive,,,,,,FALSE,1,,0,1,Palinuridae,Panulirus,cygnus
Dongara.Millers.Masters,1.1.JB32,191046,,50.4,Male,Red,0,0,0,0,Alive,,,,,,FALSE,1,,0,1,Palinuridae,Panulirus,cygnus
Dongara.Millers.Masters,1.1.JB32,191044,,40.9,Male,Red,0,0,0,0,Alive,,,,,,FALSE,1,,0,1,Palinuridae,Panulirus,cygnus
Dongara.Millers.Masters,1.1.JB32,191043,,41,Male,Red,0,0,0,0,Alive,,,,,,FALSE,1,,0,1,Palinuridae,Panulirus,cygnus
Dongara.Millers.Masters,1.1.JB32,191042,,50.3,Male,Red,0,0,0,0,Alive,,,,,,FALSE,1,,0,1,Palinuridae,Panulirus,cygnus
Dongara.Millers.Masters,1.1.JB32,191041,,50.4,Male,Red,0,0,0,0,Alive,,,,,,FALSE,1,,0,1,Palinuridae,Panulirus,cygnus
Dongara.Millers.Masters,1.1.JB32,191040,,40.6,Male,Red,0,0,0,0,Alive,,,,,,FALSE,1,,0,1,Palinuridae,Panulirus,cygnus
Dongara.Millers.Masters,1.1.JB32,191039,,40.4,Female,Red,0,0,0,0,Alive,,,,,,FALSE,1,,0,1,Palinuridae,Panulirus,cygnus
Dongara.Millers.Masters,1.1.SM10,K1739,,74.4,Male,Red,0,0,0,0,Alive,Issue with callipers,,,,,FALSE,1,,0,1,Palinuridae,Panulirus,cygnus
Dongara.Millers.Masters,1.1.SM10,K1740,,75.5,Female,Red,0,0,0,0,Alive,Issue with callipers,,,,,FALSE,1,,0,1,Palinuridae,Panulirus,cygnus
Dongara.Millers.Masters,1.1.SM10,K1742,,72.5,Female,Red,0,0,0,0,Alive,Issue with callipers,,,,,FALSE,1,,0,1,Palinuridae,Panulirus,cygnus
Dongara.Millers.Masters,1.1.SM10,K1743,,66.4,Female,Red,0,0,0,0,Alive,Issue with callipers,,,,,FALSE,1,,0,1,Palinuridae,Panulirus,cygnus
Dongara.Millers.Masters,1.1.SM10,K1744,,77.6,Male,Red,0,0,0,0,Alive,Issue with callipers,,,,,FALSE,1,,0,1,Palinuridae,Panulirus,cygnus
Dongara.Millers.Masters,1.1.SM10,191014,,60.9,Female,Red,0,0,0,0,Alive,Issue with callipers,,,,,FALSE,1,,0,1,Palinuridae,Panulirus,cygnus
Dongara.Millers.Masters,1.1.SM10,191013,,57.2,Female,Red,0,0,0,0,Alive,Issue with callipers,,,,,FALSE,1,,0,1,Palinuridae,Panulirus,cygnus
Dongara.Millers.Masters,1.1.SM10,191012,,54.4,Female,Red,0,0,0,0,Alive,Issue with callipers,,,,,FALSE,1,,0,1,Palinuridae,Panulirus,cygnus
Dongara.Millers.Masters,1.1.SM10,191011,,67.6,Female,Red,0,0,0,0,Alive,Issue with callipers,,,,,FALSE,1,,0,1,Palinuridae,Panulirus,cygnus
Dongara.Millers.Masters,1.1.SM10,K1745,,62,Female,Red,0,0,0,0,Alive,Issue with callipers,,,,,FALSE,1,,0,1,Palinuridae,Panulirus,cygnus
Dongara.Millers.Masters,1.1.SM10,K1746,,84.9,Male,Red,0,0,0,0,Alive,,,,,,FALSE,1,,0,1,Palinuridae,Panulirus,cygnus
Dongara.Millers.Masters,1.1.SM10,K1747,,77.5,Male,Red,0,0,0,0,Alive,,,,,,FALSE,1,,0,1,Palinuridae,Panulirus,cygnus
Dongara.Millers.Masters,1.1.SM10,K1748,,75.1,Male,Red,0,0,0,0,Alive,,,,,,FALSE,1,,0,1,Palinuridae,Panulirus,cygnus
Dongara.Millers.Masters,1.1.SM10,191010,,53,Female,Red,0,0,0,0,Alive,,,,,,FALSE,1,,0,1,Palinuridae,Panulirus,cygnus
Dongara.Millers.Masters,1.1.SM10,191009,,53.8,Female,Red,0,0,0,0,Alive,,,,,,FALSE,1,,0,1,Palinuridae,Panulirus,cygnus
Dongara.Millers.Masters,1.1.SM10,191008,,68.6,Female,Red,0,0,0,0,Alive,,,,,,FALSE,1,,0,1,Palinuridae,Panulirus,cygnus
Dongara.Millers.Masters,1.1.SM10,191007,,56.3,Male,Red,0,0,0,0,Alive,,,,,,FALSE,1,,0,1,Palinuridae,Panulirus,cygnus
Dongara.Millers.Masters,1.1.SM10,191006,,61.4,Female,Red,0,0,0,0,Alive,,,,,,FALSE,1,,0,1,Palinuridae,Panulirus,cygnus
Dongara.Millers.Masters,1.1.SM10,191005,,67.2,Male,Red,0,0,0,0,Alive,,,,,,FALSE,1,,0,1,Palinuridae,Panulirus,cygnus
Dongara.Millers.Masters,1.1.SM10,191004,,59.8,Female,Red,0,0,0,0,Alive,,,,,,FALSE,1,,0,1,Palinuridae,Panulirus,cygnus
Dongara.Millers.Masters,1.1.SM10,191003,,55.1,Female,Red,0,0,0,0,Alive,,,,,,FALSE,1,,0,1,Palinuridae,Panulirus,cygnus
Dongara.Millers.Masters,1.1.SM11,191002,,68.2,Female,Red,0,0,0,0,Alive,,,,,,FALSE,1,,0,1,Palinuridae,Panulirus,cygnus
Dongara.Millers.Masters,1.1.SM11,K1749,,71.9,Female,Red,0,0,0,0,Alive,,,,,,FALSE,1,,0,1,Palinuridae,Panulirus,cygnus
Dongara.Millers.Masters,1.1.SM11,K1799,,77.7,Male,Red,0,0,0,0,Alive,,,,,,FALSE,1,,0,1,Palinuridae,Panulirus,cygnus
Dongara.Millers.Masters,1.1.SM11,191001,,67.5,Female,Red,0,0,0,0,Alive,,,,,,FALSE,1,,0,1,Palinuridae,Panulirus,cygnus
Dongara.Millers.Masters,1.1.SM11,K1798,,73.1,Female,Red,0,0,0,0,Alive,,,,,,FALSE,1,,0,1,Palinuridae,Panulirus,cygnus
Dongara.Millers.Masters,1.1.SM11,191100,,56.2,Female,Red,0,0,0,0,Alive,,,,,,FALSE,1,,0,1,Palinuridae,Panulirus,cygnus
Dongara.Millers.Masters,1.1.SM11,191099,,58.2,Male,Red,0,0,0,0,Alive,,,,,,FALSE,1,,0,1,Palinuridae,Panulirus,cygnus
Dongara.Millers.Masters,1.1.SM11,191098,,56.6,Female,Red,0,0,0,0,Alive,,,,,,FALSE,1,,0,1,Palinuridae,Panulirus,cygnus
Dongara.Millers.Masters,1.1.SM11,191097,,59.9,Female,Red,0,0,0,0,Alive,,,,,,FALSE,1,,0,1,Palinuridae,Panulirus,cygnus
Dongara.Millers.Masters,1.1.SM11,K1797,,72.9,Female,Red,0,0,0,0,Alive,,,,,,FALSE,1,,0,1,Palinuridae,Panulirus,cygnus
Dongara.Millers.Masters,1.1.SM11,191096,,64.5,Female,Red,0,0,0,0,Alive,,,,,,FALSE,1,,0,1,Palinuridae,Panulirus,cygnus
Dongara.Millers.Masters,1.1.SM11,K1796,,73.9,Female,Red,0,0,0,0,Alive,,,,,,FALSE,1,,0,1,Palinuridae,Panulirus,cygnus
Dongara.Millers.Masters,1.1.SM11,191095,,65.5,Male,Red,0,0,0,0,Alive,,,,,,FALSE,1,,0,1,Palinuridae,Panulirus,cygnus
Dongara.Millers.Masters,1.1.SM11,191094,,53.9,Male,Red,0,0,0,0,Alive,,,,,,FALSE,1,,0,1,Palinuridae,Panulirus,cygnus
Dongara.Millers.Masters,1.1.SM11,191092 + 191093,,68.8,Male,Red,0,0,0,0,Alive,Tagged twice,,,,,FALSE,1,,0,1,Palinuridae,Panulirus,cygnus
Dongara.Millers.Masters,1.1.SM12,K1795,,77.9,Male,Red,0,0,0,0,Alive,,,,,,FALSE,1,,0,1,Palinuridae,Panulirus,cygnus
Dongara.Millers.Masters,1.1.SM12,191091,,46.8,Female,Red,0,0,0,0,Alive,,,,,,FALSE,1,,0,1,Palinuridae,Panulirus,cygnus
Dongara.Millers.Masters,1.1.SM12,K1794,,75.2,Female,Red,0,0,0,0,Alive,,,,,,FALSE,1,,0,1,Palinuridae,Panulirus,cygnus
Dongara.Millers.Masters,1.1.SM12,K1793,,69.9,Female,Red,0,0,0,0,Alive,,,,,,FALSE,1,,0,1,Palinuridae,Panulirus,cygnus
Dongara.Millers.Masters,1.1.SM12,K1792,,71.4,Female,Red,0,0,0,0,Alive,,,,,,FALSE,1,,0,1,Palinuridae,Panulirus,cygnus
Dongara.Millers.Masters,1.1.SM12,191090,,63,Male,Red,0,0,0,0,Alive,,,,,,FALSE,1,,0,1,Palinuridae,Panulirus,cygnus
Dongara.Millers.Masters,1.1.SM12,K1791,,68.3,Female,Red,0,0,0,0,Alive,,,,,,FALSE,1,,0,1,Palinuridae,Panulirus,cygnus
Dongara.Millers.Masters,1.1.SM12,K1790,,66.8,Female,Red,0,0,0,0,Alive,,,,,,FALSE,1,,0,1,Palinuridae,Panulirus,cygnus
Dongara.Millers.Masters,1.1.SM12,191089,,66.5,Male,Red,0,0,0,0,Alive,,,,,,FALSE,1,,0,1,Palinuridae,Panulirus,cygnus
Dongara.Millers.Masters,1.1.SM12,K1789,,75.1,Male,Red,0,0,0,0,Alive,,,,,,FALSE,1,,0,1,Palinuridae,Panulirus,cygnus
Dongara.Millers.Masters,1.1.SM12,191088,,59.8,Female,Red,0,0,0,0,Alive,,,,,,FALSE,1,,0,1,Palinuridae,Panulirus,cygnus
Dongara.Millers.Masters,1.1.SM12,191087,,68.4,Male,Red,0,0,0,0,Alive,,,,,,FALSE,1,,0,1,Palinuridae,Panulirus,cygnus
Dongara.Millers.Masters,1.1.SM12,K1788,,71.2,Male,Red,0,0,0,0,Alive,,,,,,FALSE,1,,0,1,Palinuridae,Panulirus,cygnus
Dongara.Millers.Masters,1.1.SM12,191086,,64.7,Female,Red,0,0,0,0,Alive,,,,,,FALSE,1,,0,1,Palinuridae,Panulirus,cygnus
Dongara.Millers.Masters,1.1.SM12,K1787,,71.5,Male,Red,0,0,0,0,Alive,,,,,,FALSE,1,,0,1,Palinuridae,Panulirus,cygnus
Dongara.Millers.Masters,1.1.SM12,191085,,66.8,Female,Red,0,0,0,0,Alive,,,,,,FALSE,1,,0,1,Palinuridae,Panulirus,cygnus
Dongara.Millers.Masters,1.1.SM12,191084,,46.2,Male,Red,0,0,0,0,Alive,,,,,,FALSE,1,,0,1,Palinuridae,Panulirus,cygnus
Dongara.Millers.Masters,1.1.SM12,191083,,61.6,Female,Red,0,0,0,0,Alive,,,,,,FALSE,1,,0,1,Palinuridae,Panulirus,cygnus
Dongara.Millers.Masters,1.1.SM12,K1786,,78,Female,Red,0,0,0,0,Alive,,,,,,FALSE,1,,0,1,Palinuridae,Panulirus,cygnus
Dongara.Millers.Masters,1.1.SM12,191082,,53.3,Male,Red,0,0,0,0,Alive,,,,,,FALSE,1,,0,1,Palinuridae,Panulirus,cygnus
Dongara.Millers.Masters,1.1.SM12,191081,,56.5,Male,Red,0,0,0,0,Alive,,,,,,FALSE,1,,0,1,Palinuridae,Panulirus,cygnus
Dongara.Millers.Masters,1.1.SM12,191080,,64.2,Male,Red,0,0,0,0,Alive,,,,,,FALSE,1,,0,1,Palinuridae,Panulirus,cygnus
Dongara.Millers.Masters,1.1.SM12,K1785,,70.9,Female,Red,0,0,0,0,Alive,,,,,,FALSE,1,,0,1,Palinuridae,Panulirus,cygnus
Dongara.Millers.Masters,1.1.SM12,191079,,46.5,Male,Red,0,0,0,0,Alive,,,,,,FALSE,1,,0,1,Palinuridae,Panulirus,cygnus
Dongara.Millers.Masters,1.1.SM12,191078,,50.8,Male,Red,0,0,0,0,Alive,,,,,,FALSE,1,,0,1,Palinuridae,Panulirus,cygnus
Dongara.Millers.Masters,1.1.SM12,191077,,57.5,Male,Red,0,0,0,0,Alive,,,,,,FALSE,1,,0,1,Palinuridae,Panulirus,cygnus
Dongara.Millers.Masters,1.1.SM12,191076,,44.9,Male,Red,0,0,0,0,Alive,,,,,,FALSE,1,,0,1,Palinuridae,Panulirus,cygnus
Dongara.Millers.Masters,1.1.SM12,191075,,56.4,Male,Red,0,0,0,0,Alive,,,,,,FALSE,1,,0,1,Palinuridae,Panulirus,cygnus
Dongara.Millers.Masters,1.1.SM13,191074,,67.1,Male,Red,0,0,0,0,Alive,,,,,,FALSE,1,,0,1,Palinuridae,Panulirus,cygnus
Dongara.Millers.Masters,1.1.SM13,K1784,,73.1,Male,Red,0,0,0,0,Alive,,,,,,FALSE,1,,0,1,Palinuridae,Panulirus,cygnus
Dongara.Millers.Masters,1.1.SM13,K1783,,75.7,Male,Red,0,0,0,0,Alive,,,,,,FALSE,1,,0,1,Palinuridae,Panulirus,cygnus
Dongara.Millers.Masters,1.1.SM13,191073,,72.5,Male,Red,0,0,0,0,Alive,,,,,,FALSE,1,,0,1,Palinuridae,Panulirus,cygnus
Dongara.Millers.Masters,1.1.SM13,K1782,,72.6,Female,Red,0,0,0,0,Alive,,,,,,FALSE,1,,0,1,Palinuridae,Panulirus,cygnus
Dongara.Millers.Masters,1.1.SM13,K1781,,70.6,Male,Red,0,0,0,0,Alive,,,,,,FALSE,1,,0,1,Palinuridae,Panulirus,cygnus
Dongara.Millers.Masters,1.1.SM13,191072,,56.2,Female,Red,0,0,0,0,Alive,,,,,,FALSE,1,,0,1,Palinuridae,Panulirus,cygnus
Dongara.Millers.Masters,1.1.SM13,191071,,64.4,Male,Red,0,0,0,0,Alive,,,,,,FALSE,1,,0,1,Palinuridae,Panulirus,cygnus
Dongara.Millers.Masters,1.1.SM13,191070,,58.2,Female,Red,0,0,0,0,Alive,,,,,,FALSE,1,,0,1,Palinuridae,Panulirus,cygnus
Dongara.Millers.Masters,1.1.SM13,191069,,50.2,Male,Red,0,0,0,0,Alive,,,,,,FALSE,1,,0,1,Palinuridae,Panulirus,cygnus
Dongara.Millers.Masters,1.1.SM13,191068,,58.9,Male,Red,0,0,0,0,Alive,,,,,,FALSE,1,,0,1,Palinuridae,Panulirus,cygnus
Dongara.Millers.Masters,1.1.SM13,191067,,45.1,Male,Red,0,0,0,0,Alive,,,,,,FALSE,1,,0,1,Palinuridae,Panulirus,cygnus
Dongara.Millers.Masters,1.1.SM13,K1780,,63.6,Male,Red,0,0,0,0,Alive,,,,,,FALSE,1,,0,1,Palinuridae,Panulirus,cygnus
Dongara.Millers.Masters,1.1.SM14,191066,,67.1,Male,Red,0,0,0,0,Alive,,,,,,FALSE,1,,0,1,Palinuridae,Panulirus,cygnus
Dongara.Millers.Masters,1.1.SM14,K1779,,74,Male,Red,0,0,0,0,Alive,,,,,,FALSE,1,,0,1,Palinuridae,Panulirus,cygnus
Dongara.Millers.Masters,1.1.SM14,K1778,,66.5,Female,Red,0,0,0,0,Alive,,,,,,FALSE,1,,0,1,Palinuridae,Panulirus,cygnus
Dongara.Millers.Masters,1.1.SM14,K1777,,74.9,Male,Red,0,0,0,0,Alive,,,,,,FALSE,1,,0,1,Palinuridae,Panulirus,cygnus
Dongara.Millers.Masters,1.1.SM14,K1776,,74.5,Male,Red,0,0,0,0,Alive,,,,,,FALSE,1,,0,1,Palinuridae,Panulirus,cygnus
Dongara.Millers.Masters,1.1.SM14,191065,,49.5,Female,Red,0,0,0,0,Alive,,,,,,FALSE,1,,0,1,Palinuridae,Panulirus,cygnus
Dongara.Millers.Masters,1.1.SM14,191064,,48.5,Male,Red,0,0,0,0,Alive,,,,,,FALSE,1,,0,1,Palinuridae,Panulirus,cygnus
Dongara.Millers.Masters,1.1.SM15,191063,,61.8,Male,Red,0,0,0,0,Alive,,,,,,FALSE,1,,0,1,Palinuridae,Panulirus,cygnus
Dongara.Millers.Masters,1.1.SM15,K1775,,70.5,Male,Red,0,0,0,0,Alive,,,,,,FALSE,1,,0,1,Palinuridae,Panulirus,cygnus
Dongara.Millers.Masters,1.1.SM15,K1774,,66.1,Male,Red,0,0,0,0,Alive,,,,,,FALSE,1,,0,1,Palinuridae,Panulirus,cygnus
Dongara.Millers.Masters,1.1.SM15,K1773,,73.6,Male,Red,0,0,0,0,Alive,,,,,,FALSE,1,,0,1,Palinuridae,Panulirus,cygnus
Dongara.Millers.Masters,1.1.SM15,191062,,64.4,Male,Red,0,0,0,0,Alive,,,,,,FALSE,1,,0,1,Palinuridae,Panulirus,cygnus
Dongara.Millers.Masters,1.1.SM15,K1772,,74,Male,Red,0,0,0,0,Alive,,,,,,FALSE,1,,0,1,Palinuridae,Panulirus,cygnus
Dongara.Millers.Masters,1.1.SM15,191061,,65.3,Female,Red,0,0,0,0,Alive,,,,,,FALSE,1,,0,1,Palinuridae,Panulirus,cygnus
Dongara.Millers.Masters,1.1.SM15,K1771,,73.1,Female,Red,0,0,0,0,Alive,,,,,,FALSE,1,,0,1,Palinuridae,Panulirus,cygnus
Dongara.Millers.Masters,1.1.SM15,K1770,,68.6,Female,Red,0,0,0,0,Alive,,,,,,FALSE,1,,0,1,Palinuridae,Panulirus,cygnus
Dongara.Millers.Masters,1.1.SM15,K1769,,73.9,Female,Red,0,0,0,0,Alive,,,,,,FALSE,1,,0,1,Palinuridae,Panulirus,cygnus
Dongara.Millers.Masters,1.1.SM15,K1768,,69.5,Female,Red,0,0,0,0,Alive,,,,,,FALSE,1,,0,1,Palinuridae,Panulirus,cygnus
Dongara.Millers.Masters,1.1.SM15,K1767,,69.6,Female,Red,0,0,0,0,Alive,,,,,,FALSE,1,,0,1,Palinuridae,Panulirus,cygnus
Dongara.Millers.Masters,1.1.SM15,K1766,,68.4,Female,Red,0,0,0,0,Alive,,,,,,FALSE,1,,0,1,Palinuridae,Panulirus,cygnus
Dongara.Millers.Masters,1.1.SM15,K1765,,72.3,Male,Red,0,0,0,0,Alive,,,,,,FALSE,1,,0,1,Palinuridae,Panulirus,cygnus
Dongara.Millers.Masters,1.1.SM15,191060,,61.5,Female,Red,0,0,0,0,Alive,,,,,,FALSE,1,,0,1,Palinuridae,Panulirus,cygnus
Dongara.Millers.Masters,1.1.SM15,K1764,,71.3,Female,Red,0,0,0,0,Alive,,,,,,FALSE,1,,0,1,Palinuridae,Panulirus,cygnus
Dongara.Millers.Masters,1.1.SM15,191059,,63.6,Female,Red,0,0,0,0,Alive,,,,,,FALSE,1,,0,1,Palinuridae,Panulirus,cygnus
Dongara.Millers.Masters,1.1.SM15,K1763,,73.9,Female,Red,0,0,0,0,Alive,,,,,,FALSE,1,,0,1,Palinuridae,Panulirus,cygnus
Dongara.Millers.Masters,1.1.SM15,191058,,61.4,Male,Red,0,0,0,0,Alive,,,,,,FALSE,1,,0,1,Palinuridae,Panulirus,cygnus
Dongara.Millers.Masters,1.1.SM15,K1762,,70.1,Female,Red,0,0,0,0,Alive,,,,,,FALSE,1,,0,1,Palinuridae,Panulirus,cygnus
Dongara.Millers.Masters,1.1.SM15,K1761,,68.1,Female,Red,0,0,0,0,Alive,,,,,,FALSE,1,,0,1,Palinuridae,Panulirus,cygnus
Dongara.Millers.Masters,1.1.SM15,191057,,47.5,Male,Red,0,0,0,0,Alive,,,,,,FALSE,1,,0,1,Palinuridae,Panulirus,cygnus
Dongara.Millers.Masters,1.1.SM15,K1760,,73.2,Female,Red,0,0,0,0,Alive,,,,,,FALSE,1,,0,1,Palinuridae,Panulirus,cygnus
Dongara.Millers.Masters,1.1.SM15,191056,,63,Female,Red,0,0,0,0,Alive,,,,,,FALSE,1,,0,1,Palinuridae,Panulirus,cygnus
Dongara.Millers.Masters,1.1.SM15,K1759,,77.6,Male,Red,0,0,0,0,Alive,,,,,,FALSE,1,,0,1,Palinuridae,Panulirus,cygnus
Dongara.Millers.Masters,1.1.SM15,191055,,63.2,Male,Red,0,0,0,0,Alive,,,,,,FALSE,1,,0,1,Palinuridae,Panulirus,cygnus
Dongara.Millers.Masters,1.1.SM15,K1757,,73.4,Female,Red,0,0,0,0,Alive,,,,,,FALSE,1,,0,1,Palinuridae,Panulirus,cygnus
Dongara.Millers.Masters,1.1.SM15,191054,,42.8,Female,Red,0,0,0,0,Alive,,,,,,FALSE,1,,0,1,Palinuridae,Panulirus,cygnus
Dongara.Millers.Masters,1.1.SM16,K1755,,69.2,Male,Red,0,0,0,0,Alive,,,,,,FALSE,1,,0,1,Palinuridae,Panulirus,cygnus
Dongara.Millers.Masters,1.1.SM16,K1754,,72.8,Female,Red,0,0,0,0,Alive,,,,,,FALSE,1,,0,1,Palinuridae,Panulirus,cygnus
Dongara.Millers.Masters,1.1.SM16,K1753,,73.1,Male,Red,0,0,0,0,Alive,,,,,,FALSE,1,,0,1,Palinuridae,Panulirus,cygnus
Dongara.Millers.Masters,1.1.SM16,K1752,,67.5,Female,Red,0,0,0,0,Alive,,,,,,FALSE,1,,0,1,Palinuridae,Panulirus,cygnus
Dongara.Millers.Masters,1.1.SM16,K1751,,68.8,Female,Red,0,0,0,0,Alive,,,,,,FALSE,1,,0,1,Palinuridae,Panulirus,cygnus
Dongara.Millers.Masters,1.1.SM16,191053,,54.5,Female,Red,0,0,0,0,Alive,,,,,,FALSE,1,,0,1,Palinuridae,Panulirus,cygnus
Dongara.Millers.Masters,1.1.SM16,K1850,,69.5,Female,Red,0,0,0,0,Alive,,,,,,FALSE,1,,0,1,Palinuridae,Panulirus,cygnus
Dongara.Millers.Masters,1.1.SM16,K1849,,69.5,Male,Red,0,0,0,0,Alive,,,,,,FALSE,1,,0,1,Palinuridae,Panulirus,cygnus
Dongara.Millers.Masters,1.1.SM16,K1848,,72.9,Male,Red,0,0,0,0,Alive,,,,,,FALSE,1,,0,1,Palinuridae,Panulirus,cygnus
Dongara.Millers.Masters,1.1.SM16,K1847,,66.5,Female,Red,0,0,0,0,Alive,,,,,,FALSE,1,,0,1,Palinuridae,Panulirus,cygnus
Dongara.Millers.Masters,1.1.SM16,K1846,,79.9,Male,Red,0,0,0,0,Alive,,,,,,FALSE,1,,0,1,Palinuridae,Panulirus,cygnus
Dongara.Millers.Masters,1.1.SM16,191052,,65.4,Male,Red,0,0,0,0,Alive,,,,,,FALSE,1,,0,1,Palinuridae,Panulirus,cygnus
Dongara.Millers.Masters,1.1.SM16,K1845,,69.3,Male,Red,0,0,0,0,Alive,,,,,,FALSE,1,,0,1,Palinuridae,Panulirus,cygnus
Dongara.Millers.Masters,1.1.SM16,K1844,,75.4,Male,Red,0,0,0,0,Alive,,,,,,FALSE,1,,0,1,Palinuridae,Panulirus,cygnus
Dongara.Millers.Masters,1.1.SM16,K1843,,69.1,Male,Red,0,0,0,0,Alive,,,,,,FALSE,1,,0,1,Palinuridae,Panulirus,cygnus
Dongara.Millers.Masters,1.1.SM16,K1842,,75.3,Female,Red,0,0,0,0,Alive,,,,,,FALSE,1,,0,1,Palinuridae,Panulirus,cygnus
Dongara.Millers.Masters,1.1.SM16,K1841,,67.7,Male,Red,0,0,0,0,Alive,,,,,,FALSE,1,,0,1,Palinuridae,Panulirus,cygnus
Dongara.Millers.Masters,1.1.SM16,191051,,56.2,Female,Red,0,0,0,0,Alive,,,,,,FALSE,1,,0,1,Palinuridae,Panulirus,cygnus
Dongara.Millers.Masters,1.1.SM16,191150,,59.5,Male,Red,0,0,0,0,Alive,,,,,,FALSE,1,,0,1,Palinuridae,Panulirus,cygnus
Dongara.Millers.Masters,1.1.SM16,191149,,59.5,Male,Red,0,0,0,0,Alive,,,,,,FALSE,1,,0,1,Palinuridae,Panulirus,cygnus
Dongara.Millers.Masters,1.1.SM16,191148,,58.3,Female,Red,0,0,0,0,Alive,,,,,,FALSE,1,,0,1,Palinuridae,Panulirus,cygnus
Dongara.Millers.Masters,1.1.SM16,191147,,62.4,Male,Red,0,0,0,0,Alive,,,,,,FALSE,1,,0,1,Palinuridae,Panulirus,cygnus
Dongara.Millers.Masters,1.1.SM16,191146,,43.2,Female,Red,0,0,0,0,Alive,,,,,,FALSE,1,,0,1,Palinuridae,Panulirus,cygnus
Dongara.Millers.Masters,1.1.SM16,K1840,,67.1,Male,Red,0,0,0,0,Alive,,,,,,FALSE,1,,0,1,Palinuridae,Panulirus,cygnus
Dongara.Millers.Masters,1.1.SM16,K1839,,70.4,Male,Red,0,0,0,0,Alive,,,,,,FALSE,1,,0,1,Palinuridae,Panulirus,cygnus
Dongara.Millers.Masters,1.1.SM16,191145,,63.1,Male,Red,0,0,0,0,Alive,,,,,,FALSE,1,,0,1,Palinuridae,Panulirus,cygnus
Dongara.Millers.Masters,1.1.SM16,191144,,55.1,Male,Red,0,0,0,0,Alive,,,,,,FALSE,1,,0,1,Palinuridae,Panulirus,cygnus
Dongara.Millers.Masters,1.1.SM16,191143,,42.4,Female,Red,0,0,0,0,Alive,,,,,,FALSE,1,,0,1,Palinuridae,Panulirus,cygnus
Dongara.Millers.Masters,1.1.SM16,191142,,41.5,Male,Red,0,0,0,0,Alive,,,,,,FALSE,1,,0,1,Palinuridae,Panulirus,cygnus
Dongara.Millers.Masters,1.1.SM16,,,39.3,Female,Red,0,0,0,0,Alive,,,,,,FALSE,1,,0,1,Palinuridae,Panulirus,cygnus
Dongara.Millers.Masters,1.1.SM17,K1838,,69.1,Male,Red,0,0,0,0,Alive,,,,,,FALSE,1,,0,1,Palinuridae,Panulirus,cygnus
Dongara.Millers.Masters,1.1.SM17,K1837,,69.6,Male,Red,0,0,0,0,Alive,,,,,,FALSE,1,,0,1,Palinuridae,Panulirus,cygnus
Dongara.Millers.Masters,1.1.SM17,K1835,,78.2,Male,Red,0,0,0,0,Alive,,,,,,FALSE,1,,0,1,Palinuridae,Panulirus,cygnus
Dongara.Millers.Masters,1.1.SM17,K1833,,65.1,Female,Red,0,0,0,0,Alive,,,,,,FALSE,1,,0,1,Palinuridae,Panulirus,cygnus
Dongara.Millers.Masters,1.1.SM17,K1832,,66,Female,Red,0,0,0,0,Alive,,,,,,FALSE,1,,0,1,Palinuridae,Panulirus,cygnus
Dongara.Millers.Masters,1.1.SM17,K1831,,68.5,Female,Red,0,0,0,0,Alive,,,,,,FALSE,1,,0,1,Palinuridae,Panulirus,cygnus
Dongara.Millers.Masters,1.1.SM17,K1830,,64,Female,Red,0,0,0,0,Alive,,,,,,FALSE,1,,0,1,Palinuridae,Panulirus,cygnus
Dongara.Millers.Masters,1.1.SM17,K1829,,63,Female,Red,0,0,0,0,Alive,,,,,,FALSE,1,,0,1,Palinuridae,Panulirus,cygnus
Dongara.Millers.Masters,1.1.SM17,K1828,,69.2,Female,Red,0,0,0,0,Alive,,,,,,FALSE,1,,0,1,Palinuridae,Panulirus,cygnus
Dongara.Millers.Masters,1.1.SM17,K1827,,66.7,Female,Red,0,0,0,0,Alive,,,,,,FALSE,1,,0,1,Palinuridae,Panulirus,cygnus
Dongara.Millers.Masters,1.1.SM17,191141,,66.3,Female,Red,0,0,0,0,Alive,,,,,,FALSE,1,,0,1,Palinuridae,Panulirus,cygnus
Dongara.Millers.Masters,1.1.SM17,K1826,,77.1,Male,Red,0,0,0,0,Alive,,,,,,FALSE,1,,0,1,Palinuridae,Panulirus,cygnus
Dongara.Millers.Masters,1.1.SM17,K1825,,73.3,Male,Red,0,0,0,0,Alive,,,,,,FALSE,1,,0,1,Palinuridae,Panulirus,cygnus
Dongara.Millers.Masters,1.1.SM17,191140,,53.2,Male,Red,0,0,0,0,Alive,,,,,,FALSE,1,,0,1,Palinuridae,Panulirus,cygnus
Dongara.Millers.Masters,1.1.SM17,191139,,54.9,Female,Red,0,0,0,0,Alive,,,,,,FALSE,1,,0,1,Palinuridae,Panulirus,cygnus
Dongara.Millers.Masters,1.1.SM17,191138,,61.9,Male,Red,0,0,0,0,Alive,,,,,,FALSE,1,,0,1,Palinuridae,Panulirus,cygnus
Dongara.Millers.Masters,1.1.SM17,191137,,59.9,Male,Red,0,0,0,0,Alive,,,,,,FALSE,1,,0,1,Palinuridae,Panulirus,cygnus
Dongara.Millers.Masters,1.1.SM17,191136,,51.4,Female,Red,0,0,0,0,Alive,,,,,,FALSE,1,,0,1,Palinuridae,Panulirus,cygnus
Dongara.Millers.Masters,1.1.SM17,K1824,,73.2,Female,Red,0,0,0,0,Alive,,,,,,FALSE,1,,0,1,Palinuridae,Panulirus,cygnus
Dongara.Millers.Masters,1.1.SM17,191135,,42.5,Female,Red,0,0,0,0,Alive,,,,,,FALSE,1,,0,1,Palinuridae,Panulirus,cygnus
Dongara.Millers.Masters,1.1.SM17,191134,,53.2,Male,Red,0,0,0,0,Alive,,,,,,FALSE,1,,0,1,Palinuridae,Panulirus,cygnus
Dongara.Millers.Masters,1.1.SM17,191133,,49.1,Female,Red,0,0,0,0,Alive,,,,,,FALSE,1,,0,1,Palinuridae,Panulirus,cygnus
Dongara.Millers.Masters,1.1.SM17,191132,,52.7,Female,Red,0,0,0,0,Alive,,,,,,FALSE,1,,0,1,Palinuridae,Panulirus,cygnus
Dongara.Millers.Masters,1.1.SM17,191131,,53.1,Female,Red,0,0,0,0,Alive,,,,,,FALSE,1,,0,1,Palinuridae,Panulirus,cygnus
Dongara.Millers.Masters,1.1.SM18,191130,,56.6,Female,Red,0,0,0,0,Alive,,,,,,FALSE,1,,0,1,Palinuridae,Panulirus,cygnus
Dongara.Millers.Masters,1.1.SM18,K1823,,78,Female,Red,0,0,0,0,Alive,,,,,,FALSE,1,,0,1,Palinuridae,Panulirus,cygnus
Dongara.Millers.Masters,1.1.SM18,K1822,,72.5,Male,Red,0,0,0,0,Alive,,,,,,FALSE,1,,0,1,Palinuridae,Panulirus,cygnus
Dongara.Millers.Masters,1.1.SM18,K1821,,69.6,Male,Red,0,0,0,0,Alive,,,,,,FALSE,1,,0,1,Palinuridae,Panulirus,cygnus
Dongara.Millers.Masters,1.1.SM18,K1820,,76.6,Male,Red,0,0,0,0,Alive,,,,,,FALSE,1,,0,1,Palinuridae,Panulirus,cygnus
Dongara.Millers.Masters,1.1.SM18,K1819,,71.9,Female,Red,0,0,0,0,Alive,,,,,,FALSE,1,,0,1,Palinuridae,Panulirus,cygnus
Dongara.Millers.Masters,1.1.SM18,191129,,62.8,Female,Red,0,0,0,0,Alive,,,,,,FALSE,1,,0,1,Palinuridae,Panulirus,cygnus
Dongara.Millers.Masters,1.1.SM18,191128,,61.2,Female,Red,0,0,0,0,Alive,,,,,,FALSE,1,,0,1,Palinuridae,Panulirus,cygnus
Dongara.Millers.Masters,1.1.SM18,191127,,63.5,Male,Red,0,0,0,0,Alive,,,,,,FALSE,1,,0,1,Palinuridae,Panulirus,cygnus
Dongara.Millers.Masters,1.1.SM18,K1818,,71.3,Female,Red,0,0,0,0,Alive,,,,,,FALSE,1,,0,1,Palinuridae,Panulirus,cygnus
Dongara.Millers.Masters,1.1.SM18,K1817,,75.1,Female,Red,0,0,0,0,Alive,,,,,,FALSE,1,,0,1,Palinuridae,Panulirus,cygnus
Dongara.Millers.Masters,1.1.SM18,K1816,,69.7,Female,Red,0,0,1,0,Alive,,,,,,FALSE,1,,1,1,Palinuridae,Panulirus,cygnus
Dongara.Millers.Masters,1.1.SM18,K1815,,74.6,Male,Red,0,0,0,0,Alive,,,,,,FALSE,1,,0,1,Palinuridae,Panulirus,cygnus
Dongara.Millers.Masters,1.1.SM18,K1814,,81,Male,Red,0,0,0,0,Alive,,,,,,FALSE,1,,0,1,Palinuridae,Panulirus,cygnus
Dongara.Millers.Masters,1.1.SM18,K1813,,72.6,Female,Red,0,0,0,0,Alive,,,,,,FALSE,1,,0,1,Palinuridae,Panulirus,cygnus
Dongara.Millers.Masters,1.1.SM18,K1812,,71.9,Male,Red,0,0,0,0,Alive,,,,,,FALSE,1,,0,1,Palinuridae,Panulirus,cygnus
Dongara.Millers.Masters,1.1.SM18,191126,,60.1,Female,Red,0,0,0,0,Alive,,,,,,FALSE,1,,0,1,Palinuridae,Panulirus,cygnus
Dongara.Millers.Masters,1.1.SM18,191125,,64.9,Female,Red,0,0,0,0,Alive,,,,,,FALSE,1,,0,1,Palinuridae,Panulirus,cygnus
Dongara.Millers.Masters,1.1.SM18,191124,,71.4,Male,Red,0,0,0,0,Alive,,,,,,FALSE,1,,0,1,Palinuridae,Panulirus,cygnus
Dongara.Millers.Masters,1.1.SM18,191123,,71.5,Male,Red,0,0,0,0,Alive,,,,,,FALSE,1,,0,1,Palinuridae,Panulirus,cygnus
Dongara.Millers.Masters,1.1.SM18,191122,,64.8,Female,Red,0,0,0,0,Alive,,,,,,FALSE,1,,0,1,Palinuridae,Panulirus,cygnus
Dongara.Millers.Masters,1.1.SM18,K1811,,74.8,Female,Red,0,0,0,0,Alive,,,,,,FALSE,1,,0,1,Palinuridae,Panulirus,cygnus
Dongara.Millers.Masters,1.1.SM18,K1810,,71.9,Male,Red,0,0,0,0,Alive,,,,,,FALSE,1,,0,1,Palinuridae,Panulirus,cygnus
Dongara.Millers.Masters,1.1.SM18,191121,,64.2,Female,Red,0,0,0,0,Alive,,,,,,FALSE,1,,0,1,Palinuridae,Panulirus,cygnus
Dongara.Millers.Masters,1.1.SM18,K1809,,74.5,Female,Red,0,0,0,0,Alive,,,,,,FALSE,1,,0,1,Palinuridae,Panulirus,cygnus
Dongara.Millers.Masters,1.1.SM18,191119,,63.1,Male,Red,0,0,0,0,Alive,,,,,,FALSE,1,,0,1,Palinuridae,Panulirus,cygnus
Dongara.Millers.Masters,1.1.SM18,191118,,65.7,Male,Red,0,0,0,0,Alive,,,,,,FALSE,1,,0,1,Palinuridae,Panulirus,cygnus
Dongara.Millers.Masters,1.1.SM18,191117,,60.6,Male,Red,0,0,0,0,Alive,,,,,,FALSE,1,,0,1,Palinuridae,Panulirus,cygnus
Dongara.Millers.Masters,1.1.SM18,K1808,,76.4,Female,Red,0,0,0,0,Alive,,,,,,FALSE,1,,0,1,Palinuridae,Panulirus,cygnus
Dongara.Millers.Masters,1.1.SM18,191116,,63.9,Male,Red,0,0,0,0,Alive,,,,,,FALSE,1,,0,1,Palinuridae,Panulirus,cygnus
Dongara.Millers.Masters,1.1.SM18,191115,,57.8,Female,Red,0,0,0,0,Alive,,,,,,FALSE,1,,0,1,Palinuridae,Panulirus,cygnus
Dongara.Millers.Masters,1.1.SM18,K1807,,75.6,Female,Red,0,0,0,0,Alive,,,,,,FALSE,1,,0,1,Palinuridae,Panulirus,cygnus
Dongara.Millers.Masters,1.1.SM18,K1806,,66.4,Female,Red,0,0,0,0,Alive,,,,,,FALSE,1,,0,1,Palinuridae,Panulirus,cygnus
Dongara.Millers.Masters,1.1.SM18,191114,,57.4,Female,Red,0,0,0,0,Alive,,,,,,FALSE,1,,0,1,Palinuridae,Panulirus,cygnus
Dongara.Millers.Masters,1.1.SM18,191112,,44.7,Male,Red,0,0,0,0,Alive,,,,,,FALSE,1,,0,1,Palinuridae,Panulirus,cygnus
Dongara.Millers.Masters,1.1.SM18,191111,,45.8,Female,Red,0,0,0,0,Alive,,,,,,FALSE,1,,0,1,Palinuridae,Panulirus,cygnus
Dongara.Millers.Masters,1.1.SM18,191110,,43.5,Male,Red,0,0,0,0,Alive,,,,,,FALSE,1,,0,1,Palinuridae,Panulirus,cygnus
Dongara.Millers.Masters,1.2.CHout2_16,191260,,59.5,Female,Red,0,0,1,1,Alive,,,,,,FALSE,1,,2,1,Palinuridae,Panulirus,cygnus
Dongara.Millers.Masters,1.2.CHout2_12,191261,,53.5,Male,Red,0,0,0,0,Alive,,,,,,FALSE,1,,0,1,Palinuridae,Panulirus,cygnus
Dongara.Millers.Masters,1.2.CHout2_18,K1973,,78,Male,Red,0,0,0,0,Alive,,,,,,FALSE,1,,0,1,Palinuridae,Panulirus,cygnus
Dongara.Millers.Masters,1.2.CHout2_18,K1972,,76,Female,Red,0,0,0,0,Alive,,,,,,FALSE,1,,0,1,Palinuridae,Panulirus,cygnus
Dongara.Millers.Masters,1.2.CHout2_19,191262,,62.6,Male,Red,0,0,0,0,Alive,,,,,,FALSE,1,,0,1,Palinuridae,Panulirus,cygnus
Dongara.Millers.Masters,1.2.CHout2_19,K1971,,63.4,Male,Red,0,0,0,0,Alive,,,,,,FALSE,1,,0,1,Palinuridae,Panulirus,cygnus
Dongara.Millers.Masters,1.2.CHout2_19,191263,,46.1,Female,Red,0,0,0,0,Alive,,,,,,FALSE,1,,0,1,Palinuridae,Panulirus,cygnus
Dongara.Millers.Masters,1.2.CHin2_2,191264,,55.8,Male,Red,0,0,0,0,Alive,,,,,,FALSE,1,,0,1,Palinuridae,Panulirus,cygnus
Dongara.Millers.Masters,1.2.CHin2_5,191265,,61,Male,Red,0,0,0,0,Alive,,,,,,FALSE,1,,0,1,Palinuridae,Panulirus,cygnus
Dongara.Millers.Masters,1.2.CHin2_5,K1970,,78.3,Male,Red,0,0,0,0,Alive,,,,,,FALSE,1,,0,1,Palinuridae,Panulirus,cygnus
Dongara.Millers.Masters,1.2.CHin2_9,191266,,61.5,Female,Red,0,0,0,0,Alive,,,,,,FALSE,1,,0,1,Palinuridae,Panulirus,cygnus
Dongara.Millers.Masters,1.2.CHin2_9,K1968,,68.4,Male,Red,0,0,0,0,Alive,,,,,,FALSE,1,,0,1,Palinuridae,Panulirus,cygnus
Dongara.Millers.Masters,1.2.CHin2_9,K1967,,70.6,Male,Red,0,0,0,0,Alive,,,,,,FALSE,1,,0,1,Palinuridae,Panulirus,cygnus
Dongara.Millers.Masters,1.2.CHin2_10,K1966,,74.5,Female,Red,0,0,0,0,Alive,,,,,,FALSE,1,,0,1,Palinuridae,Panulirus,cygnus
Dongara.Millers.Masters,1.2.CHin2_10,191267,,59.7,Female,Red,0,0,0,0,Alive,,,,,,FALSE,1,,0,1,Palinuridae,Panulirus,cygnus
Dongara.Millers.Masters,1.2.JB24,K1980,,81.4,Female,Red,0,0,0,0,Alive,,,,,,FALSE,1,,0,1,Palinuridae,Panulirus,cygnus
Dongara.Millers.Masters,1.2.JB25,K1979,,65.1,Male,Red,0,0,0,0,Alive,,,,,,FALSE,1,,0,1,Palinuridae,Panulirus,cygnus
Dongara.Millers.Masters,1.2.JB25,191211,,60.4,Male,Red,0,0,0,0,Alive,,,,,,FALSE,1,,0,1,Palinuridae,Panulirus,cygnus
Dongara.Millers.Masters,1.2.JB25,191209,,64.4,Female,Red,0,0,0,0,Alive,,,,,,FALSE,1,,0,1,Palinuridae,Panulirus,cygnus
Dongara.Millers.Masters,1.2.JB25,191208,,50.9,Female,Red,0,0,0,0,Alive,,,,,,FALSE,1,,0,1,Palinuridae,Panulirus,cygnus
Dongara.Millers.Masters,1.2.JB25,K1978,,78.2,Female,Red,0,0,0,0,Alive,,,,,,FALSE,1,,0,1,Palinuridae,Panulirus,cygnus
Dongara.Millers.Masters,1.2.JB25,K1977,,61.4,Male,Red,0,0,0,0,Alive,,,,,,FALSE,1,,0,1,Palinuridae,Panulirus,cygnus
Dongara.Millers.Masters,1.2.JB25,191207,,52.9,Female,Red,0,0,0,0,Alive,,,,,,FALSE,1,,0,1,Palinuridae,Panulirus,cygnus
Dongara.Millers.Masters,1.2.JB21,191206,,66.9,Female,Red,0,0,0,0,Alive,,,,,,FALSE,1,,0,1,Palinuridae,Panulirus,cygnus
Dongara.Millers.Masters,1.2.JB21,191205,,45.9,Female,Red,0,0,0,0,Alive,,,,,,FALSE,1,,0,1,Palinuridae,Panulirus,cygnus
Dongara.Millers.Masters,1.2.JB21,191204,,60.9,Male,Red,0,0,0,0,Alive,,,,,,FALSE,1,,0,1,Palinuridae,Panulirus,cygnus
Dongara.Millers.Masters,1.2.JB21,191203,,52.5,Female,Red,0,0,0,0,Alive,,,,,,FALSE,1,,0,1,Palinuridae,Panulirus,cygnus
Dongara.Millers.Masters,1.2.JB21,191202,,44.2,Female,Red,0,0,0,0,Alive,,,,,,FALSE,1,,0,1,Palinuridae,Panulirus,cygnus
Dongara.Millers.Masters,1.2.JB21,191201,,59.8,Male,Red,0,0,0,0,Alive,,,,,,FALSE,1,,0,1,Palinuridae,Panulirus,cygnus
Dongara.Millers.Masters,1.2.JB21,191251,,45.2,Female,Red,0,0,0,0,Alive,,,,,,FALSE,1,,0,1,Palinuridae,Panulirus,cygnus
Dongara.Millers.Masters,1.2.JB21,191252,,45.4,Female,Red,0,0,0,0,Alive,,,,,,FALSE,1,,0,1,Palinuridae,Panulirus,cygnus
Dongara.Millers.Masters,1.2.JB21,191253,,41.5,Male,Red,0,0,0,0,Alive,,,,,,FALSE,1,,0,1,Palinuridae,Panulirus,cygnus
Dongara.Millers.Masters,1.2.JB21,191254,,40.6,Female,Red,0,0,0,0,Alive,,,,,,FALSE,1,,0,1,Palinuridae,Panulirus,cygnus
Dongara.Millers.Masters,1.2.JB21,191255,,36.8,Female,Red,0,0,0,0,Alive,,,,,,FALSE,1,,0,1,Palinuridae,Panulirus,cygnus
Dongara.Millers.Masters,1.2.JB22,K1975,,72.5,Female,Red,0,0,0,0,Alive,,,,,,FALSE,1,,0,1,Palinuridae,Panulirus,cygnus
Dongara.Millers.Masters,1.2.JB22,K1974,,64.5,Male,Red,0,0,0,0,Alive,,,,,,FALSE,1,,0,1,Palinuridae,Panulirus,cygnus
Dongara.Millers.Masters,1.2.JB22,191256,,54.6,Male,Red,0,0,0,0,Alive,,,,,,FALSE,1,,0,1,Palinuridae,Panulirus,cygnus
Dongara.Millers.Masters,1.2.JB22,191257,,47.2,Male,Red,0,0,0,0,Alive,,,,,,FALSE,1,,0,1,Palinuridae,Panulirus,cygnus
Dongara.Millers.Masters,1.2.JB22,191258,,58.4,Male,Red,0,0,0,0,Alive,,,,,,FALSE,1,,0,1,Palinuridae,Panulirus,cygnus
Dongara.Millers.Masters,1.2.JB22,191259,,58.3,Female,Red,0,0,0,0,Alive,,,,,,FALSE,1,,0,1,Palinuridae,Panulirus,cygnus
Dongara.Millers.Masters,1.2.SM35,K1805,,71,Male,Red,0,0,0,0,Alive,,,,,,FALSE,1,,0,1,Palinuridae,Panulirus,cygnus
Dongara.Millers.Masters,1.2.SM35,K1804,,79.8,Male,Red,0,0,0,0,Alive,,,,,,FALSE,1,,0,1,Palinuridae,Panulirus,cygnus
Dongara.Millers.Masters,1.2.SM35,K1803,,75.2,Male,Red,0,0,0,0,Alive,,,,,,FALSE,1,,0,1,Palinuridae,Panulirus,cygnus
Dongara.Millers.Masters,1.2.SM35,191109,,60.1,Female,Red,0,0,0,0,Alive,,,,,,FALSE,1,,0,1,Palinuridae,Panulirus,cygnus
Dongara.Millers.Masters,1.2.SM35,191108,,60,Female,Red,0,0,0,0,Alive,,,,,,FALSE,1,,0,1,Palinuridae,Panulirus,cygnus
Dongara.Millers.Masters,1.2.SM35,191107,,61.4,Female,Red,0,0,0,0,Alive,,,,,,FALSE,1,,0,1,Palinuridae,Panulirus,cygnus
Dongara.Millers.Masters,1.2.SM35,191106,,42.4,Female,Red,0,0,0,0,Alive,,,,,,FALSE,1,,0,1,Palinuridae,Panulirus,cygnus
Dongara.Millers.Masters,1.2.SM35,191105,,48.5,Female,Red,0,0,0,0,Alive,,,,,,FALSE,1,,0,1,Palinuridae,Panulirus,cygnus
Dongara.Millers.Masters,1.2.SM35,191104,,59.2,Male,Red,0,0,0,0,Alive,,,,,,FALSE,1,,0,1,Palinuridae,Panulirus,cygnus
Dongara.Millers.Masters,1.2.SM35,191103,,52.6,Male,Red,0,0,0,0,Alive,,,,,,FALSE,1,,0,1,Palinuridae,Panulirus,cygnus
Dongara.Millers.Masters,1.2.SM35,191102,,50.1,Male,Red,0,0,0,0,Alive,,,,,,FALSE,1,,0,1,Palinuridae,Panulirus,cygnus
Dongara.Millers.Masters,1.2.SM35,191101,,46.1,Male,Red,0,0,0,0,Alive,,,,,,FALSE,1,,0,1,Palinuridae,Panulirus,cygnus
Dongara.Millers.Masters,1.2.SM34,K1802,,67.3,Female,Red,0,0,0,0,Alive,,,,,,FALSE,1,,0,1,Palinuridae,Panulirus,cygnus
Dongara.Millers.Masters,1.2.SM34,K1801,,68.2,Male,Red,0,0,0,0,Alive,,,,,,FALSE,1,,0,1,Palinuridae,Panulirus,cygnus
Dongara.Millers.Masters,1.2.SM34,191151,,63.5,Female,Red,0,0,0,0,Alive,,,,,,FALSE,1,,0,1,Palinuridae,Panulirus,cygnus
Dongara.Millers.Masters,1.2.SM34,191152,,57,Female,Red,0,0,0,0,Alive,,,,,,FALSE,1,,0,1,Palinuridae,Panulirus,cygnus
Dongara.Millers.Masters,1.2.SM34,191098,TRUE,56.5,Female,Red,0,0,0,0,Alive,,,,,,FALSE,1,,0,1,Palinuridae,Panulirus,cygnus
Dongara.Millers.Masters,1.2.SM34,191153,,44.6,Female,Red,0,0,0,0,Alive,,,,,,FALSE,1,,0,1,Palinuridae,Panulirus,cygnus
Dongara.Millers.Masters,1.2.SM34,,,39.1,Male,Red,0,0,0,0,Alive,,,,,,FALSE,1,,0,1,Palinuridae,Panulirus,cygnus
Dongara.Millers.Masters,1.2.SM33,191154,,48.7,Female,Red,0,0,0,0,Alive,,,,,,FALSE,1,,0,1,Palinuridae,Panulirus,cygnus
Dongara.Millers.Masters,1.2.SM33,191155,,48.3,Female,Red,0,0,0,0,Alive,,,,,,FALSE,1,,0,1,Palinuridae,Panulirus,cygnus
Dongara.Millers.Masters,1.2.SM33,191081,TRUE,56.4,Male,Red,0,0,0,0,Alive,,,,,,FALSE,1,,0,1,Palinuridae,Panulirus,cygnus
Dongara.Millers.Masters,1.2.SM33,191156,,48.2,Male,Red,0,0,0,0,Alive,,,,,,FALSE,1,,0,1,Palinuridae,Panulirus,cygnus
Dongara.Millers.Masters,1.2.SM33,191157,,62.8,Female,Red,0,0,0,0,Alive,,,,,,FALSE,1,,0,1,Palinuridae,Panulirus,cygnus
Dongara.Millers.Masters,1.2.SM33,K1800,,70.2,Male,Red,0,0,0,0,Alive,,,,,,FALSE,1,,0,1,Palinuridae,Panulirus,cygnus
Dongara.Millers.Masters,1.2.SM33,191158,,47.1,Male,Red,0,0,0,0,Alive,,,,,,FALSE,1,,0,1,Palinuridae,Panulirus,cygnus
Dongara.Millers.Masters,1.2.SM33,191159,,53.6,Male,Red,0,0,0,0,Alive,,,,,,FALSE,1,,0,1,Palinuridae,Panulirus,cygnus
Dongara.Millers.Masters,1.2.SM33,191160,,49.8,Female,Red,0,0,0,0,Alive,,,,,,FALSE,1,,0,1,Palinuridae,Panulirus,cygnus
Dongara.Millers.Masters,1.2.SM33,,,29.2,Male,Red,0,0,0,0,Alive,,,,,,FALSE,1,,0,1,Palinuridae,Panulirus,cygnus
Dongara.Millers.Masters,1.2.SM31,K1899,,76.4,Male,Red,0,0,0,0,Alive,,,,,,FALSE,1,,0,1,Palinuridae,Panulirus,cygnus
Dongara.Millers.Masters,1.2.SM31,191161,,55.1,Female,Red,0,0,0,0,Alive,,,,,,FALSE,1,,0,1,Palinuridae,Panulirus,cygnus
Dongara.Millers.Masters,1.2.SM31,K1898,,70.5,Female,Red,0,0,0,0,Alive,,,,,,FALSE,1,,0,1,Palinuridae,Panulirus,cygnus
Dongara.Millers.Masters,1.2.SM31,K1897,,74.4,Female,Red,0,0,0,0,Alive,,,,,,FALSE,1,,0,1,Palinuridae,Panulirus,cygnus
Dongara.Millers.Masters,1.2.SM31,191073,TRUE,73.7,Male,Red,0,0,0,0,Alive,,,,,,FALSE,1,,0,1,Palinuridae,Panulirus,cygnus
Dongara.Millers.Masters,1.2.SM31,191162,,55.2,Female,Red,0,0,0,0,Alive,,,,,,FALSE,1,,0,1,Palinuridae,Panulirus,cygnus
Dongara.Millers.Masters,1.2.SM31,K1777,TRUE,75.5,Male,Red,0,0,0,0,Alive,,,,,,FALSE,1,,0,1,Palinuridae,Panulirus,cygnus
Dongara.Millers.Masters,1.2.SM31,191163,,64.3,Male,Red,0,0,0,0,Alive,,,,,,FALSE,1,,0,1,Palinuridae,Panulirus,cygnus
Dongara.Millers.Masters,1.2.SM31,191164,,56.7,Female,Red,0,0,0,0,Alive,,,,,,FALSE,1,,0,1,Palinuridae,Panulirus,cygnus
Dongara.Millers.Masters,1.2.SM31,191165,,57.4,Male,Red,0,0,0,0,Alive,,,,,,FALSE,1,,0,1,Palinuridae,Panulirus,cygnus
Dongara.Millers.Masters,1.2.SM31,191166,,59.4,Male,Red,0,0,0,0,Alive,,,,,,FALSE,1,,0,1,Palinuridae,Panulirus,cygnus
Dongara.Millers.Masters,1.2.SM31,191167,,48.9,Female,Red,0,0,0,0,Alive,,,,,,FALSE,1,,0,1,Palinuridae,Panulirus,cygnus
Dongara.Millers.Masters,1.2.SM31,K1896,,78.6,Female,Red,0,0,0,0,Alive,,,,,,FALSE,1,,0,1,Palinuridae,Panulirus,cygnus
Dongara.Millers.Masters,1.2.SM31,191168,,60.8,Female,Red,0,0,0,0,Alive,,,,,,FALSE,1,,0,1,Palinuridae,Panulirus,cygnus
Dongara.Millers.Masters,1.2.SM31,191169,,51.6,Male,Red,0,0,0,0,Alive,,,,,,FALSE,1,,0,1,Palinuridae,Panulirus,cygnus
Dongara.Millers.Masters,1.2.SM31,191170,,63.3,Female,Red,0,0,0,0,Alive,,,,,,FALSE,1,,0,1,Palinuridae,Panulirus,cygnus
Dongara.Millers.Masters,1.2.SM31,,,39.9,Male,Red,0,0,0,0,Alive,,,,,,FALSE,1,,0,1,Palinuridae,Panulirus,cygnus
Dongara.Millers.Masters,1.2.SM31,191171,,55.9,Male,Red,0,0,0,0,Alive,,,,,,FALSE,1,,0,1,Palinuridae,Panulirus,cygnus
Dongara.Millers.Masters,1.2.SM31,191172,,54.8,Female,Red,0,0,0,0,Alive,,,,,,FALSE,1,,0,1,Palinuridae,Panulirus,cygnus
Dongara.Millers.Masters,1.2.SM31,191173,,47.8,Male,Red,0,0,0,0,Alive,,,,,,FALSE,1,,0,1,Palinuridae,Panulirus,cygnus
Dongara.Millers.Masters,1.2.SM31,K1895,,68.7,Female,Red,0,0,0,0,Alive,,,,,,FALSE,1,,0,1,Palinuridae,Panulirus,cygnus
Dongara.Millers.Masters,1.2.SM31,191174,,45.6,Female,Red,0,0,0,0,Alive,,,,,,FALSE,1,,0,1,Palinuridae,Panulirus,cygnus
Dongara.Millers.Masters,1.2.SM31,191175,,61.3,Female,Red,0,0,0,0,Alive,,,,,,FALSE,1,,0,1,Palinuridae,Panulirus,cygnus
Dongara.Millers.Masters,1.2.SM31,191176,,46.9,Female,Red,0,0,0,0,Alive,,,,,,FALSE,1,,0,1,Palinuridae,Panulirus,cygnus
Dongara.Millers.Masters,1.2.SM31,191064,,48.2,Male,Red,0,0,0,0,Alive,,,,,,FALSE,1,,0,1,Palinuridae,Panulirus,cygnus
Dongara.Millers.Masters,1.2.SM31,191177,,43.3,Female,Red,0,0,0,0,Alive,,,,,,FALSE,1,,0,1,Palinuridae,Panulirus,cygnus
Dongara.Millers.Masters,1.2.SM30,K1894,,75.5,Female,Red,0,0,0,0,Alive,,,,,,FALSE,1,,0,1,Palinuridae,Panulirus,cygnus
Dongara.Millers.Masters,1.2.SM30,K1893,,70.4,Female,Red,0,0,0,0,Alive,,,,,,FALSE,1,,0,1,Palinuridae,Panulirus,cygnus
Dongara.Millers.Masters,1.2.SM30,K1892,,74.6,Male,Red,0,0,0,0,Alive,,,,,,FALSE,1,,0,1,Palinuridae,Panulirus,cygnus
Dongara.Millers.Masters,1.2.SM30,K1891,,76.6,Male,Red,0,0,0,0,Alive,,,,,,FALSE,1,,0,1,Palinuridae,Panulirus,cygnus
Dongara.Millers.Masters,1.2.SM30,191178,,58.3,Male,Red,0,0,0,0,Alive,,,,,,FALSE,1,,0,1,Palinuridae,Panulirus,cygnus
Dongara.Millers.Masters,1.2.SM30,K1890,,71.1,Female,Red,0,0,0,0,Alive,,,,,,FALSE,1,,0,1,Palinuridae,Panulirus,cygnus
Dongara.Millers.Masters,1.2.SM29,K1889,,70.4,Male,Red,0,0,0,0,Alive,,,,,,FALSE,1,,0,1,Palinuridae,Panulirus,cygnus
Dongara.Millers.Masters,1.2.SM29,K1888,,67.4,Male,Red,0,0,0,0,Alive,,,,,,FALSE,1,,0,1,Palinuridae,Panulirus,cygnus
Dongara.Millers.Masters,1.2.SM29,K1887,,63.1,Female,Red,0,0,0,0,Alive,,,,,,FALSE,1,,0,1,Palinuridae,Panulirus,cygnus
Dongara.Millers.Masters,1.2.SM29,191179,,53.9,Male,Red,0,0,0,0,Alive,,,,,,FALSE,1,,0,1,Palinuridae,Panulirus,cygnus
Dongara.Millers.Masters,1.2.SM29,K1885,,71.4,Female,Red,0,0,0,0,Alive,,,,,,FALSE,1,,0,1,Palinuridae,Panulirus,cygnus
Dongara.Millers.Masters,1.2.SM29,K1751,TRUE,68.1,Female,Red,0,0,0,0,Alive,,,,,,FALSE,1,,0,1,Palinuridae,Panulirus,cygnus
Dongara.Millers.Masters,1.2.SM29,K1884,,69.5,Female,Red,0,0,0,0,Alive,,,,,,FALSE,1,,0,1,Palinuridae,Panulirus,cygnus
Dongara.Millers.Masters,1.2.SM29,K1883,,65.3,Female,Red,0,0,0,0,Alive,,,,,,FALSE,1,,0,1,Palinuridae,Panulirus,cygnus
Dongara.Millers.Masters,1.2.SM29,191148,TRUE,58.6,Female,Red,0,0,0,0,Alive,,,,,,FALSE,1,,0,1,Palinuridae,Panulirus,cygnus
Dongara.Millers.Masters,1.2.SM29,191180,,61.4,Female,Red,0,0,0,0,Alive,,,,,,FALSE,1,,0,1,Palinuridae,Panulirus,cygnus
Dongara.Millers.Masters,1.2.SM29,191181,,55.6,Male,Red,0,0,0,0,Alive,,,,,,FALSE,1,,0,1,Palinuridae,Panulirus,cygnus
Dongara.Millers.Masters,1.2.SM29,K1882,,65.9,Female,Red,0,0,0,0,Alive,,,,,,FALSE,1,,0,1,Palinuridae,Panulirus,cygnus
Dongara.Millers.Masters,1.2.SM29,K1881,,61.6,Female,Red,0,0,0,0,Alive,,,,,,FALSE,1,,0,1,Palinuridae,Panulirus,cygnus
Dongara.Millers.Masters,1.2.SM29,K1880,,66.5,Male,Red,0,0,0,0,Alive,,,,,,FALSE,1,,0,1,Palinuridae,Panulirus,cygnus
Dongara.Millers.Masters,1.2.SM29,K1879,,61.1,Male,Red,0,0,0,0,Alive,,,,,,FALSE,1,,0,1,Palinuridae,Panulirus,cygnus
Dongara.Millers.Masters,1.2.SM29,K1877,,70.1,Male,Red,0,0,0,0,Alive,,,,,,FALSE,1,,0,1,Palinuridae,Panulirus,cygnus
Dongara.Millers.Masters,1.2.SM29,K1876,,63.7,Female,Red,0,0,0,0,Alive,,,,,,FALSE,1,,0,1,Palinuridae,Panulirus,cygnus
Dongara.Millers.Masters,1.2.SM29,191182,,50.3,Male,Red,0,0,0,0,Alive,,,,,,FALSE,1,,0,1,Palinuridae,Panulirus,cygnus
Dongara.Millers.Masters,1.2.SM29,,,39.7,Male,Red,0,0,0,0,Alive,,,,,,FALSE,1,,0,1,Palinuridae,Panulirus,cygnus
Dongara.Millers.Masters,1.2.SM29,K1875,,68.4,Male,Red,0,0,0,0,Alive,,,,,,FALSE,1,,0,1,Palinuridae,Panulirus,cygnus
Dongara.Millers.Masters,1.2.SM29,191183,,53.7,Female,Red,0,0,0,0,Alive,,,,,,FALSE,1,,0,1,Palinuridae,Panulirus,cygnus
Dongara.Millers.Masters,1.2.SM29,K1872,,71.3,Female,Red,0,0,0,0,Alive,,,,,,FALSE,1,,0,1,Palinuridae,Panulirus,cygnus
Dongara.Millers.Masters,1.2.SM29,K1871,,74.4,Female,Red,0,0,0,0,Alive,,,,,,FALSE,1,,0,1,Palinuridae,Panulirus,cygnus
Dongara.Millers.Masters,1.2.SM29,191184,,56.8,Female,Red,0,0,0,0,Alive,,,,,,FALSE,1,,0,1,Palinuridae,Panulirus,cygnus
Dongara.Millers.Masters,1.2.SM29,191185,,46,Male,Red,0,0,0,0,Alive,,,,,,FALSE,1,,0,1,Palinuridae,Panulirus,cygnus
Dongara.Millers.Masters,1.2.SM29,191053,TRUE,54.2,Female,Red,0,0,0,0,Alive,,,,,,FALSE,1,,0,1,Palinuridae,Panulirus,cygnus
Dongara.Millers.Masters,1.2.SM29,K1870,,65.6,Male,Red,0,0,0,0,Alive,,,,,,FALSE,1,,0,1,Palinuridae,Panulirus,cygnus
Dongara.Millers.Masters,1.2.SM29,K1841,TRUE,67.2,Male,Red,0,0,0,0,Alive,,,,,,FALSE,1,,0,1,Palinuridae,Panulirus,cygnus
Dongara.Millers.Masters,1.2.SM29,191186,,58.2,Female,Red,0,0,0,0,Alive,,,,,,FALSE,1,,0,1,Palinuridae,Panulirus,cygnus
Dongara.Millers.Masters,1.2.SM29,K1869,,71.3,Female,Red,0,0,0,0,Alive,,,,,,FALSE,1,,0,1,Palinuridae,Panulirus,cygnus
Dongara.Millers.Masters,1.2.SM29,191187,,60.4,Female,Red,0,0,0,0,Alive,,,,,,FALSE,1,,0,1,Palinuridae,Panulirus,cygnus
Dongara.Millers.Masters,1.2.SM29,191188,,44.6,Female,Red,0,0,0,0,Alive,,,,,,FALSE,1,,0,1,Palinuridae,Panulirus,cygnus
Dongara.Millers.Masters,1.2.SM29,191189,,46.7,Female,Red,0,0,0,0,Alive,,,,,,FALSE,1,,0,1,Palinuridae,Panulirus,cygnus
Dongara.Millers.Masters,1.2.SM29,191190,,41,Male,Red,0,0,0,0,Alive,,,,,,FALSE,1,,0,1,Palinuridae,Panulirus,cygnus
Dongara.Millers.Masters,1.2.SM29,191191,,45.3,Female,Red,0,0,0,0,Alive,,,,,,FALSE,1,,0,1,Palinuridae,Panulirus,cygnus
Dongara.Millers.Masters,1.2.SM29,191192,,44.2,Male,Red,0,0,0,0,Alive,,,,,,FALSE,1,,0,1,Palinuridae,Panulirus,cygnus
Dongara.Millers.Masters,1.2.SM29,191193,,42.6,Female,Red,0,0,0,0,Alive,,,,,,FALSE,1,,0,1,Palinuridae,Panulirus,cygnus
Dongara.Millers.Masters,1.2.SM29,191194,,47.1,Male,Red,0,0,0,0,Alive,,,,,,FALSE,1,,0,1,Palinuridae,Panulirus,cygnus
Dongara.Millers.Masters,1.2.SM28,K1837,TRUE,69.5,Male,Red,0,0,0,0,Alive,,,,,,FALSE,1,,0,1,Palinuridae,Panulirus,cygnus
Dongara.Millers.Masters,1.2.SM28,191136,TRUE,51.4,Female,Red,0,0,0,0,Alive,,,,,,FALSE,1,,0,1,Palinuridae,Panulirus,cygnus
Dongara.Millers.Masters,1.2.SM28,191195,,59.4,Female,Red,0,0,0,0,Alive,,,,,,FALSE,1,,0,1,Palinuridae,Panulirus,cygnus
Dongara.Millers.Masters,1.2.SM28,K1827,TRUE,66.8,Female,Red,0,0,0,0,Alive,,,,,,FALSE,1,,0,1,Palinuridae,Panulirus,cygnus
Dongara.Millers.Masters,1.2.SM28,K1866,,66.6,Female,Red,0,0,0,0,Alive,,,,,,FALSE,1,,0,1,Palinuridae,Panulirus,cygnus
Dongara.Millers.Masters,1.2.SM28,191196,,41.4,Female,Red,0,0,0,0,Alive,,,,,,FALSE,1,,0,1,Palinuridae,Panulirus,cygnus
Dongara.Millers.Masters,1.2.SM28,191197,,41.4,Female,Red,0,0,0,0,Alive,,,,,,FALSE,1,,0,1,Palinuridae,Panulirus,cygnus
Dongara.Millers.Masters,1.2.SM28,,,39.4,Male,Red,0,0,0,0,Alive,,,,,,FALSE,1,,0,1,Palinuridae,Panulirus,cygnus
Dongara.Millers.Masters,1.2.SM28,K1865,,72,Female,Red,0,0,0,0,Alive,,,,,,FALSE,1,,0,1,Palinuridae,Panulirus,cygnus
Dongara.Millers.Masters,1.2.SM27,K1820,TRUE,74,Male,Red,0,0,0,0,Alive,,,,,,FALSE,1,,0,1,Palinuridae,Panulirus,cygnus
Dongara.Millers.Masters,1.2.SM27,K1864,TRUE,68.5,Female,Red,0,0,0,0,Alive,,,,,,FALSE,1,,0,1,Palinuridae,Panulirus,cygnus
Dongara.Millers.Masters,1.2.SM27,191128,TRUE,60.6,Female,Red,0,0,0,0,Alive,,,,,,FALSE,1,,0,1,Palinuridae,Panulirus,cygnus
Dongara.Millers.Masters,1.2.SM27,K1863,,66.7,Female,Red,0,0,0,0,Alive,,,,,,FALSE,1,,0,1,Palinuridae,Panulirus,cygnus
Dongara.Millers.Masters,1.2.SM27,K1818,TRUE,70.6,Female,Red,0,0,0,0,Alive,,,,,,FALSE,1,,0,1,Palinuridae,Panulirus,cygnus
Dongara.Millers.Masters,1.2.SM27,191198,,54.3,Female,Red,0,0,0,0,Alive,,,,,,FALSE,1,,0,1,Palinuridae,Panulirus,cygnus
Dongara.Millers.Masters,1.2.SM27,K1862,,63.3,Male,Red,0,0,0,0,Alive,,,,,,FALSE,1,,0,1,Palinuridae,Panulirus,cygnus
Dongara.Millers.Masters,1.2.SM27,191199,,57.4,Female,Red,0,0,0,0,Alive,,,,,,FALSE,1,,0,1,Palinuridae,Panulirus,cygnus
Dongara.Millers.Masters,1.2.SM27,K1861,,68.9,Male,Red,0,0,0,0,Alive,,,,,,FALSE,1,,0,1,Palinuridae,Panulirus,cygnus
Dongara.Millers.Masters,1.2.SM27,191200,,47.6,Female,Red,0,0,0,0,Alive,,,,,,FALSE,1,,0,1,Palinuridae,Panulirus,cygnus
Dongara.Millers.Masters,1.2.SM27,191250,,59.8,Female,Red,0,0,0,0,Alive,,,,,,FALSE,1,,0,1,Palinuridae,Panulirus,cygnus
Dongara.Millers.Masters,1.2.SM26,K1859,,72.4,Male,Red,0,0,0,0,Alive,,,,,,FALSE,1,,0,1,Palinuridae,Panulirus,cygnus
Dongara.Millers.Masters,1.2.SM26,191249,,60.1,Female,Red,0,0,0,0,Alive,,,,,,FALSE,1,,0,1,Palinuridae,Panulirus,cygnus
Dongara.Millers.Masters,1.2.SM26,K1858,,67.6,Female,Red,0,0,0,0,Alive,,,,,,FALSE,1,,0,1,Palinuridae,Panulirus,cygnus
Dongara.Millers.Masters,1.2.SM26,K1857,,64.6,Male,Red,0,0,0,0,Alive,,,,,,FALSE,1,,0,1,Palinuridae,Panulirus,cygnus
Dongara.Millers.Masters,1.2.SM26,191248,,61.2,Male,Red,0,0,0,0,Alive,,,,,,FALSE,1,,0,1,Palinuridae,Panulirus,cygnus
Dongara.Millers.Masters,1.2.SM26,K1856,,62.4,Male,Red,0,0,0,0,Alive,,,,,,FALSE,1,,0,1,Palinuridae,Panulirus,cygnus
Dongara.Millers.Masters,1.2.SM26,191247,,55.5,Male,Red,0,0,0,0,Alive,,,,,,FALSE,1,,0,1,Palinuridae,Panulirus,cygnus
Dongara.Millers.Masters,1.2.SM26,K1855,,70.2,Female,Red,0,0,0,0,Alive,,,,,,FALSE,1,,0,1,Palinuridae,Panulirus,cygnus
Dongara.Millers.Masters,1.2.SM26,K1854,,69.9,Female,Red,0,0,0,0,Alive,,,,,,FALSE,1,,0,1,Palinuridae,Panulirus,cygnus
Dongara.Millers.Masters,1.2.SM26,191246,,58.6,Male,Red,0,0,0,0,Alive,,,,,,FALSE,1,,0,1,Palinuridae,Panulirus,cygnus
Dongara.Millers.Masters,1.2.SM26,K1853,,74.6,Male,Red,0,0,0,0,Alive,,,,,,FALSE,1,,0,1,Palinuridae,Panulirus,cygnus
Dongara.Millers.Masters,1.2.SM26,191245,,46.1,Male,Red,0,0,0,0,Alive,,,,,,FALSE,1,,0,1,Palinuridae,Panulirus,cygnus
Dongara.Millers.Masters,1.2.SM26,K1852,,77,Male,Red,0,0,0,0,Alive,,,,,,FALSE,1,,0,1,Palinuridae,Panulirus,cygnus
Dongara.Millers.Masters,1.2.SM26,K1850,,72.1,Female,Red,0,0,0,0,Alive,,,,,,FALSE,1,,0,1,Palinuridae,Panulirus,cygnus
Dongara.Millers.Masters,1.2.SM26,K1900,,74.5,Female,Red,0,0,0,0,Alive,,,,,,FALSE,1,,0,1,Palinuridae,Panulirus,cygnus
Dongara.Millers.Masters,1.2.SM26,191244,,46.5,Female,Red,0,0,0,0,Alive,,,,,,FALSE,1,,0,1,Palinuridae,Panulirus,cygnus
Dongara.Millers.Masters,1.2.SM26,K1901,,74.1,Male,Red,0,0,0,0,Alive,,,,,,FALSE,1,,0,1,Palinuridae,Panulirus,cygnus
Dongara.Millers.Masters,1.2.SM26,191243,,56.3,Female,Red,0,0,0,0,Alive,,,,,,FALSE,1,,0,1,Palinuridae,Panulirus,cygnus
Dongara.Millers.Masters,1.2.SM26,K1902,,64.9,Female,Red,0,0,0,0,Alive,,,,,,FALSE,1,,0,1,Palinuridae,Panulirus,cygnus
Dongara.Millers.Masters,1.2.SM26,K1903,,75.6,Male,Red,0,0,0,0,Alive,,,,,,FALSE,1,,0,1,Palinuridae,Panulirus,cygnus
Dongara.Millers.Masters,1.2.SM26,K1904,,78.6,Male,Red,0,0,0,0,Alive,,,,,,FALSE,1,,0,1,Palinuridae,Panulirus,cygnus
Dongara.Millers.Masters,1.2.SM26,K1905,,73.8,Female,Red,0,0,0,0,Alive,,,,,,FALSE,1,,0,1,Palinuridae,Panulirus,cygnus
Dongara.Millers.Masters,1.2.SM26,K1906,,63.1,Female,Red,0,0,0,0,Alive,,,,,,FALSE,1,,0,1,Palinuridae,Panulirus,cygnus
Dongara.Millers.Masters,1.2.SM26,K1907,,72.4,Male,Red,0,0,0,0,Alive,,,,,,FALSE,1,,0,1,Palinuridae,Panulirus,cygnus
Dongara.Millers.Masters,1.2.SM26,191242,,51.6,Female,Red,0,0,0,0,Alive,,,,,,FALSE,1,,0,1,Palinuridae,Panulirus,cygnus
Dongara.Millers.Masters,1.2.SM26,191241,,47.1,Female,Red,0,0,0,0,Alive,,,,,,FALSE,1,,0,1,Palinuridae,Panulirus,cygnus
Dongara.Millers.Masters,1.2.SM26,191240,,55.1,Female,Red,0,0,0,0,Alive,,,,,,FALSE,1,,0,1,Palinuridae,Panulirus,cygnus
Dongara.Millers.Masters,1.2.SM26,191239,,56.4,Female,Red,0,0,0,0,Alive,,,,,,FALSE,1,,0,1,Palinuridae,Panulirus,cygnus
Dongara.Millers.Masters,1.2.SM26,191238,,49.2,Male,Red,0,0,0,0,Alive,,,,,,FALSE,1,,0,1,Palinuridae,Panulirus,cygnus
Dongara.Millers.Masters,1.2.SM26,K1908,,71.4,Female,Red,0,0,0,0,Alive,,,,,,FALSE,1,,0,1,Palinuridae,Panulirus,cygnus
Dongara.Millers.Masters,1.2.SM26,K1909,,69,Female,Red,0,0,0,0,Alive,,,,,,FALSE,1,,0,1,Palinuridae,Panulirus,cygnus
Dongara.Millers.Masters,1.2.SM26,191237,,62.9,Female,Red,0,0,0,0,Alive,,,,,,FALSE,1,,0,1,Palinuridae,Panulirus,cygnus
Dongara.Millers.Masters,1.2.SM26,K1910,,66.6,Male,Red,0,0,0,0,Alive,,,,,,FALSE,1,,0,1,Palinuridae,Panulirus,cygnus
Dongara.Millers.Masters,1.2.SM26,K1911,,66.9,Female,Red,0,0,0,0,Alive,,,,,,FALSE,1,,0,1,Palinuridae,Panulirus,cygnus
Dongara.Millers.Masters,1.2.SM26,K1912,,64.6,Female,Red,0,0,0,0,Alive,,,,,,FALSE,1,,0,1,Palinuridae,Panulirus,cygnus
Dongara.Millers.Masters,1.2.SM26,K1913,,70.3,Male,Red,0,0,0,0,Alive,,,,,,FALSE,1,,0,1,Palinuridae,Panulirus,cygnus
Dongara.Millers.Masters,1.2.SM26,K1914,,72.2,Female,Red,0,0,0,0,Alive,,,,,,FALSE,1,,0,1,Palinuridae,Panulirus,cygnus
Dongara.Millers.Masters,1.2.SM26,191236,,47.9,Male,Red,0,0,0,0,Alive,,,,,,FALSE,1,,0,1,Palinuridae,Panulirus,cygnus
Dongara.Millers.Masters,1.2.SM26,191235,,46,Female,Red,0,0,0,0,Alive,,,,,,FALSE,1,,0,1,Palinuridae,Panulirus,cygnus
Dongara.Millers.Masters,1.2.SM26,191234,,47.8,Female,Red,0,0,0,0,Alive,,,,,,FALSE,1,,0,1,Palinuridae,Panulirus,cygnus
Dongara.Millers.Masters,1.2.RM36,K1915,,71.4,Female,Red,0,0,0,0,Alive,,,,,,FALSE,1,,0,1,Palinuridae,Panulirus,cygnus
Dongara.Millers.Masters,1.2.RM36,K1916,,72.6,Female,Red,0,0,0,0,Alive,,,,,,FALSE,1,,0,1,Palinuridae,Panulirus,cygnus
Dongara.Millers.Masters,1.2.RM36,K1918,,74.2,Male,Red,0,0,0,0,Alive,,,,,,FALSE,1,,0,1,Palinuridae,Panulirus,cygnus
Dongara.Millers.Masters,1.2.RM36,K1919,,79.1,Female,Red,0,0,0,0,Alive,,,,,,FALSE,1,,0,1,Palinuridae,Panulirus,cygnus
Dongara.Millers.Masters,1.2.RM36,K1920,,85.5,Male,Red,0,0,0,0,Alive,,,,,,FALSE,1,,0,1,Palinuridae,Panulirus,cygnus
Dongara.Millers.Masters,1.2.RM36,K1921,,72.8,Female,Red,0,0,0,0,Alive,,,,,,FALSE,1,,0,1,Palinuridae,Panulirus,cygnus
Dongara.Millers.Masters,1.2.RM36,K1922,,74,Female,Red,0,0,0,0,Alive,,,,,,FALSE,1,,0,1,Palinuridae,Panulirus,cygnus
Dongara.Millers.Masters,1.2.RM36,K1923,,74.6,Female,Red,0,0,0,0,Alive,,,,,,FALSE,1,,0,1,Palinuridae,Panulirus,cygnus
Dongara.Millers.Masters,1.2.RM36,K1924,,75.4,Male,Red,0,0,0,0,Alive,,,,,,FALSE,1,,0,1,Palinuridae,Panulirus,cygnus
Dongara.Millers.Masters,1.2.RM36,K1925,,72.6,Female,Red,0,0,0,0,Alive,,,,,,FALSE,1,,0,1,Palinuridae,Panulirus,cygnus
Dongara.Millers.Masters,1.2.RM36,K1926,,61.6,Female,Red,0,0,0,0,Alive,,,,,,FALSE,1,,0,1,Palinuridae,Panulirus,cygnus
Dongara.Millers.Masters,1.2.RM36,K1927,,86.3,Male,Red,0,0,0,0,Alive,,,,,,FALSE,1,,0,1,Palinuridae,Panulirus,cygnus
Dongara.Millers.Masters,1.2.RM36,K1928,,74.4,Female,Red,0,0,0,0,Alive,,,,,,FALSE,1,,0,1,Palinuridae,Panulirus,cygnus
Dongara.Millers.Masters,1.2.RM36,K1929,,72.4,Male,Red,0,0,0,0,Alive,,,,,,FALSE,1,,0,1,Palinuridae,Panulirus,cygnus
Dongara.Millers.Masters,1.2.RM36,K1930,,65.8,Male,Red,0,0,0,0,Alive,,,,,,FALSE,1,,0,1,Palinuridae,Panulirus,cygnus
Dongara.Millers.Masters,1.2.RM36,K1931,,74.5,Male,Red,0,0,0,0,Alive,,,,,,FALSE,1,,0,1,Palinuridae,Panulirus,cygnus
Dongara.Millers.Masters,1.2.RM36,K1932,,63.6,Female,Red,0,0,0,0,Alive,,,,,,FALSE,1,,0,1,Palinuridae,Panulirus,cygnus
Dongara.Millers.Masters,1.2.RM36,K1933,,64.5,Female,Red,0,0,0,0,Alive,,,,,,FALSE,1,,0,1,Palinuridae,Panulirus,cygnus
Dongara.Millers.Masters,1.2.RM36,K1934,,74.5,Female,Red,0,0,0,0,Alive,,,,,,FALSE,1,,0,1,Palinuridae,Panulirus,cygnus
Dongara.Millers.Masters,1.2.RM36,K1935,,65.4,Male,Red,0,0,0,0,Alive,,,,,,FALSE,1,,0,1,Palinuridae,Panulirus,cygnus
Dongara.Millers.Masters,1.2.RM36,K1936,,70.5,Female,Red,0,0,0,0,Alive,,,,,,FALSE,1,,0,1,Palinuridae,Panulirus,cygnus
Dongara.Millers.Masters,1.2.RM36,K1937,,73.2,Female,Red,0,0,0,0,Alive,,,,,,FALSE,1,,0,1,Palinuridae,Panulirus,cygnus
Dongara.Millers.Masters,1.2.RM36,K1938,,71.8,Female,Red,0,0,0,0,Alive,,,,,,FALSE,1,,0,1,Palinuridae,Panulirus,cygnus
Dongara.Millers.Masters,1.2.RM36,K1939,,76.8,Female,Red,0,0,0,0,Alive,,,,,,FALSE,1,,0,1,Palinuridae,Panulirus,cygnus
Dongara.Millers.Masters,1.2.RM36,K1940,,61.5,Male,Red,0,0,0,0,Alive,,,,,,FALSE,1,,0,1,Palinuridae,Panulirus,cygnus
Dongara.Millers.Masters,1.2.RM36,K1941,,72.9,Female,White,0,0,1,0,Alive,,,,,,FALSE,1,,1,1,Palinuridae,Panulirus,cygnus
Dongara.Millers.Masters,1.2.RM36,K1942,,75.4,Female,Red,0,0,0,0,Alive,,,,,,FALSE,1,,0,1,Palinuridae,Panulirus,cygnus
Dongara.Millers.Masters,1.2.RM36,191233,,59.5,Male,Red,0,0,0,0,Alive,,,,,,FALSE,1,,0,1,Palinuridae,Panulirus,cygnus
Dongara.Millers.Masters,1.2.RM37,K1943,,76.8,Female,Red,0,0,0,0,Alive,,,,,,FALSE,1,,0,1,Palinuridae,Panulirus,cygnus
Dongara.Millers.Masters,1.2.RM38,K1944,,73.5,Female,Red,0,0,0,0,Alive,,,,,,FALSE,1,,0,1,Palinuridae,Panulirus,cygnus
Dongara.Millers.Masters,1.2.RM38,K1945,,62.2,Female,Red,0,0,0,0,Alive,,,,,,FALSE,1,,0,1,Palinuridae,Panulirus,cygnus
Dongara.Millers.Masters,1.2.RM38,191232,,58.1,Male,Red,0,0,0,0,Alive,,,,,,FALSE,1,,0,1,Palinuridae,Panulirus,cygnus
Dongara.Millers.Masters,1.2.RM38,K1946,,66.4,Female,Red,0,0,0,0,Alive,,,,,,FALSE,1,,0,1,Palinuridae,Panulirus,cygnus
Dongara.Millers.Masters,1.2.RM38,K1947,,76.2,Female,Red,0,0,0,0,Alive,,,,,,FALSE,1,,0,1,Palinuridae,Panulirus,cygnus
Dongara.Millers.Masters,1.2.RM38,K1948,,73.5,Female,Red,0,0,0,0,Alive,,,,,,FALSE,1,,0,1,Palinuridae,Panulirus,cygnus
Dongara.Millers.Masters,1.2.RM38,K1949,,63.4,Female,Red,0,0,0,0,Alive,,,,,,FALSE,1,,0,1,Palinuridae,Panulirus,cygnus
Dongara.Millers.Masters,1.2.RM38,K1999,,68.2,Female,Red,0,0,0,0,Alive,,,,,,FALSE,1,,0,1,Palinuridae,Panulirus,cygnus
Dongara.Millers.Masters,1.2.RM38,K1998,,76.5,Female,Red,0,0,0,0,Alive,,,,,,FALSE,1,,0,1,Palinuridae,Panulirus,cygnus
Dongara.Millers.Masters,1.2.RM38,K1997,,70.8,Female,Red,0,0,0,0,Alive,,,,,,FALSE,1,,0,1,Palinuridae,Panulirus,cygnus
Dongara.Millers.Masters,1.2.RM38,191231,,58.1,Male,Red,0,0,0,0,Alive,,,,,,FALSE,1,,0,1,Palinuridae,Panulirus,cygnus
Dongara.Millers.Masters,1.2.RM38,191230,,52.9,Male,Red,0,0,0,0,Alive,,,,,,FALSE,1,,0,1,Palinuridae,Panulirus,cygnus
Dongara.Millers.Masters,1.2.RM38,K1996,,67.1,Female,Red,0,0,0,0,Alive,,,,,,FALSE,1,,0,1,Palinuridae,Panulirus,cygnus
Dongara.Millers.Masters,1.2.RM38,191229,,59.4,Male,Red,0,0,0,0,Alive,,,,,,FALSE,1,,0,1,Palinuridae,Panulirus,cygnus
Dongara.Millers.Masters,1.2.RM38,K1995,,62.3,Female,Red,0,0,0,0,Alive,,,,,,FALSE,1,,0,1,Palinuridae,Panulirus,cygnus
Dongara.Millers.Masters,1.2.RM38,191228,,50.3,Female,Red,0,0,0,0,Alive,,,,,,FALSE,1,,0,1,Palinuridae,Panulirus,cygnus
Dongara.Millers.Masters,1.2.RM38,191227,,56.7,Female,Red,0,0,0,0,Alive,,,,,,FALSE,1,,0,1,Palinuridae,Panulirus,cygnus
Dongara.Millers.Masters,1.2.RM38,191225,,53.4,Female,Red,0,0,0,0,Alive,,,,,,FALSE,1,,0,1,Palinuridae,Panulirus,cygnus
Dongara.Millers.Masters,1.2.RM38,191224,,54.7,Male,Red,0,0,0,0,Alive,,,,,,FALSE,1,,0,1,Palinuridae,Panulirus,cygnus
Dongara.Millers.Masters,1.2.RM38,191223,,60.7,Male,Red,0,0,0,0,Alive,,,,,,FALSE,1,,0,1,Palinuridae,Panulirus,cygnus
Dongara.Millers.Masters,1.2.RM38,191222,,55,Female,Red,0,0,0,0,Alive,,,,,,FALSE,1,,0,1,Palinuridae,Panulirus,cygnus
Dongara.Millers.Masters,1.2.RM38,191221,,47.4,Female,Red,0,0,0,0,Alive,,,,,,FALSE,1,,0,1,Palinuridae,Panulirus,cygnus
Dongara.Millers.Masters,1.2.RM38,191220,,51,Male,Red,0,0,0,0,Alive,,,,,,FALSE,1,,0,1,Palinuridae,Panulirus,cygnus
Dongara.Millers.Masters,1.2.RM38,191219,,60.7,Female,Red,0,0,0,0,Alive,,,,,,FALSE,1,,0,1,Palinuridae,Panulirus,cygnus
Dongara.Millers.Masters,1.2.RM38,191218,,49,Male,Red,0,0,0,0,Alive,,,,,,FALSE,1,,0,1,Palinuridae,Panulirus,cygnus
Dongara.Millers.Masters,1.2.RM38,191217,,57.6,Male,Red,0,0,0,0,Alive,,,,,,FALSE,1,,0,1,Palinuridae,Panulirus,cygnus
Dongara.Millers.Masters,1.2.RM39,,,72.3,Male,Red,0,0,0,0,Dead,,,,,,FALSE,1,,0,1,Palinuridae,Panulirus,cygnus
Dongara.Millers.Masters,1.2.RM39,K1994,,69.7,Male,Red,0,0,0,0,Alive,,,,,,FALSE,1,,0,1,Palinuridae,Panulirus,cygnus
Dongara.Millers.Masters,1.2.RM39,K1993,,70.6,Female,Red,0,0,1,0,Alive,,,,,,FALSE,1,,1,1,Palinuridae,Panulirus,cygnus
Dongara.Millers.Masters,1.2.RM39,K1992,,72.6,Male,Red,0,0,0,0,Alive,,,,,,FALSE,1,,0,1,Palinuridae,Panulirus,cygnus
Dongara.Millers.Masters,1.2.RM39,K1991,,62.4,Male,Red,0,0,0,0,Alive,,,,,,FALSE,1,,0,1,Palinuridae,Panulirus,cygnus
Dongara.Millers.Masters,1.2.RM39,K1990,,50.4,Male,Red,0,0,1,0,Alive,,,,,,FALSE,1,,1,1,Palinuridae,Panulirus,cygnus
Dongara.Millers.Masters,1.2.RM39,K1989,,75.1,Female,Red,0,0,0,0,Alive,,,,,,FALSE,1,,0,1,Palinuridae,Panulirus,cygnus
Dongara.Millers.Masters,1.2.RM39,K1988,,77.7,Female,Red,0,0,0,0,Alive,,,,,,FALSE,1,,0,1,Palinuridae,Panulirus,cygnus
Dongara.Millers.Masters,1.2.RM39,K1987,,68.9,Female,Red,0,0,0,0,Alive,,,,,,FALSE,1,,0,1,Palinuridae,Panulirus,cygnus
Dongara.Millers.Masters,1.2.RM39,K1986,,72.9,Female,Red,0,0,0,0,Alive,,,,,,FALSE,1,,0,1,Palinuridae,Panulirus,cygnus
Dongara.Millers.Masters,1.2.RM39,K1985,,62.8,Male,Red,0,0,0,0,Alive,,,,,,FALSE,1,,0,1,Palinuridae,Panulirus,cygnus
Dongara.Millers.Masters,1.2.RM39,K1984,,67.6,Male,Red,0,0,0,0,Alive,,,,,,FALSE,1,,0,1,Palinuridae,Panulirus,cygnus
Dongara.Millers.Masters,1.2.RM39,K1983,,61.2,Female,Red,0,0,0,0,Alive,,,,,,FALSE,1,,0,1,Palinuridae,Panulirus,cygnus
Dongara.Millers.Masters,1.2.RM39,K1982,,64.1,Female,Red,0,0,0,0,Alive,,,,,,FALSE,1,,0,1,Palinuridae,Panulirus,cygnus
Dongara.Millers.Masters,1.2.RM39,K1981,,61.4,Male,Red,0,0,0,0,Alive,,,,,,FALSE,1,,0,1,Palinuridae,Panulirus,cygnus
Dongara.Millers.Masters,1.2.RM39,,,68.5,Male,Red,0,0,0,0,Dead,,,,,,FALSE,1,,0,1,Palinuridae,Panulirus,cygnus
Dongara.Millers.Masters,1.2.RM40,191216,,48.5,Female,Red,0,0,0,0,Alive,,,,,,FALSE,1,,0,1,Palinuridae,Panulirus,cygnus
Dongara.Millers.Masters,1.2.RM40,,,65.4,Male,Red,0,0,1,8,Alive,,,,,,FALSE,1,,9,1,Palinuridae,Panulirus,cygnus
Dongara.Millers.Masters,1.2.RM40,191215,,52.8,Female,Red,0,0,0,0,Alive,,,,,,FALSE,1,,0,1,Palinuridae,Panulirus,cygnus
Dongara.Millers.Masters,1.2.RM40,,,47,Male,Red,0,0,0,0,Alive,,,,,,FALSE,1,,0,1,Palinuridae,Panulirus,cygnus
Dongara.Millers.Masters,1.2.RM40,191214,,60.7,Female,Red,0,0,0,0,Alive,,,,,,FALSE,1,,0,1,Palinuridae,Panulirus,cygnus
Dongara.Millers.Masters,1.2.RM40,,,70.6,Male,Red,0,0,0,0,Dead,,,,,,FALSE,1,,0,1,Palinuridae,Panulirus,cygnus
Dongara.Millers.Masters,1.2.RM40,191213,,44.4,Female,Red,0,0,0,0,Alive,,,,,,FALSE,1,,0,1,Palinuridae,Panulirus,cygnus
Dongara.Millers.Masters,1.2.RM40,191212,,52.2,Female,Red,0,0,2,4,Alive,,,,,,FALSE,1,,6,1,Palinuridae,Panulirus,cygnus
