Source,Sample,Tag.number,Recapture,Length,Sex,Colour,Damage.old.a,Damage.old.l,Damage.new.a,Damage.new.l,Dead,Individual.remarks,Reproductive.stage,Setose.state,Egg.stage,Moult.stage,Cable.tie,Trip,Date,Outlier,Total.damage,Count,Family,Genus,Species
Dongara.Millers.Masters,12.1.IR9,195339,TRUE,-9999,Female,Red,0,0,0,0,Dead,,,,,,FALSE,12,2019-07-08,,0,1,Palinuridae,Panulirus,cygnus
Dongara.Millers.Masters,12.1.IR9,191714,TRUE,77,Male,Red,0,0,0,0,Alive,,,,,,FALSE,12,2019-07-08,,0,1,Palinuridae,Panulirus,cygnus
Dongara.Millers.Masters,12.1.IR9,197214,TRUE,65.2,Female,Red,0,0,0,0,Alive,,,,,,FALSE,12,2019-07-08,,0,1,Palinuridae,Panulirus,cygnus
Dongara.Millers.Masters,12.1.IR9,191757,TRUE,59.1,Female,Red,0,0,0,0,Alive,,,,,,FALSE,12,2019-07-08,,0,1,Palinuridae,Panulirus,cygnus
Dongara.Millers.Masters,12.1.IR9,198143,TRUE,54.5,Male,Red,0,0,0,0,Alive,,,,,,FALSE,12,2019-07-08,,0,1,Palinuridae,Panulirus,cygnus
Dongara.Millers.Masters,12.1.IR38,197146,TRUE,64.5,Male,Red,0,0,0,0,Alive,,,,,,FALSE,12,2019-07-08,,0,1,Palinuridae,Panulirus,cygnus
Dongara.Millers.Masters,12.1.IR38,191741,TRUE,68.2,Female,Red,0,0,0,0,Alive,,,,,,FALSE,12,2019-07-08,,0,1,Palinuridae,Panulirus,cygnus
Dongara.Millers.Masters,12.1.IR38,196327,TRUE,68.9,Male,Red,0,0,0,0,Alive,,,,,,FALSE,12,2019-07-08,,0,1,Palinuridae,Panulirus,cygnus
Dongara.Millers.Masters,12.1.IR38,198126,TRUE,73.2,Male,Red,0,0,0,0,Alive,,,,,,FALSE,12,2019-07-08,,0,1,Palinuridae,Panulirus,cygnus
Dongara.Millers.Masters,12.1.IR38,198629,TRUE,61,Male,Red,0,0,0,0,Alive,,,,,,FALSE,12,2019-07-08,,0,1,Palinuridae,Panulirus,cygnus
Dongara.Millers.Masters,12.1.IR38,K2684,TRUE,75,Female,Red,0,0,0,0,Alive,,,,,,FALSE,12,2019-07-08,,0,1,Palinuridae,Panulirus,cygnus
Dongara.Millers.Masters,12.1.IR38,196770,TRUE,66.5,Male,Red,0,0,0,0,Alive,,,,,,FALSE,12,2019-07-08,,0,1,Palinuridae,Panulirus,cygnus
Dongara.Millers.Masters,12.1.IR38,195164,TRUE,58.9,Female,Red,0,0,0,0,Alive,,,,,,FALSE,12,2019-07-08,,0,1,Palinuridae,Panulirus,cygnus
Dongara.Millers.Masters,12.1.IR38,196331,TRUE,71,Female,Red,0,0,0,0,Alive,,,,,,FALSE,12,2019-07-08,,0,1,Palinuridae,Panulirus,cygnus
Dongara.Millers.Masters,12.1.IR38,195122,TRUE,55.9,Female,Red,0,0,0,0,Alive,,,,,,FALSE,12,2019-07-08,,0,1,Palinuridae,Panulirus,cygnus
Dongara.Millers.Masters,12.1.IR38,195130,TRUE,74.3,Male,Red,0,0,0,0,Alive,,,,,,FALSE,12,2019-07-08,,0,1,Palinuridae,Panulirus,cygnus
Dongara.Millers.Masters,12.1.IR38,195155,TRUE,67.7,Male,Red,0,0,0,0,Alive,,,,,,FALSE,12,2019-07-08,,0,1,Palinuridae,Panulirus,cygnus
Dongara.Millers.Masters,12.1.IR31,196928,TRUE,59.8,Male,Red,0,0,0,0,Alive,,,,,,FALSE,12,2019-07-08,,0,1,Palinuridae,Panulirus,cygnus
Dongara.Millers.Masters,12.1.IR31,196482,TRUE,64.2,Female,Red,0,0,0,0,Alive,,,,,,FALSE,12,2019-07-08,,0,1,Palinuridae,Panulirus,cygnus
Dongara.Millers.Masters,12.1.IR31,195364,TRUE,79.7,Female,Red,0,0,0,0,Alive,,,,,,FALSE,12,2019-07-08,,0,1,Palinuridae,Panulirus,cygnus
Dongara.Millers.Masters,12.1.IR31,195377,TRUE,77,Female,Red,0,0,0,0,Alive,,,,,,FALSE,12,2019-07-08,,0,1,Palinuridae,Panulirus,cygnus
Dongara.Millers.Masters,12.1.IR31,191993,TRUE,70.3,Male,Red,0,0,0,0,Alive,,,,,,FALSE,12,2019-07-08,,0,1,Palinuridae,Panulirus,cygnus
Dongara.Millers.Masters,12.1.IR31,195125,TRUE,76.1,Male,Red,0,0,0,0,Alive,,,,,,FALSE,12,2019-07-08,,0,1,Palinuridae,Panulirus,cygnus
Dongara.Millers.Masters,12.1.IR31,195392,TRUE,65.4,Female,Red,0,0,0,0,Alive,,,,,,FALSE,12,2019-07-08,,0,1,Palinuridae,Panulirus,cygnus
Dongara.Millers.Masters,12.1.IR31,197208,TRUE,54,Female,Red,0,0,0,0,Alive,,,,,,FALSE,12,2019-07-08,,0,1,Palinuridae,Panulirus,cygnus
Dongara.Millers.Masters,12.1.IR31,196294,TRUE,60.2,Male,Red,0,0,0,0,Alive,,,,,,FALSE,12,2019-07-08,,0,1,Palinuridae,Panulirus,cygnus
Dongara.Millers.Masters,12.1.IR48,195499,TRUE,55.1,Female,Red,0,0,0,0,Alive,,,,,,FALSE,12,2019-07-08,,0,1,Palinuridae,Panulirus,cygnus
Dongara.Millers.Masters,12.1.IR48,195006,TRUE,74.3,Female,Red,0,0,0,0,Alive,,,,,,FALSE,12,2019-07-08,,0,1,Palinuridae,Panulirus,cygnus
Dongara.Millers.Masters,12.1.IR35,196833,TRUE,55.2,Male,Red,0,0,0,0,Alive,,,,,,FALSE,12,2019-07-08,,0,1,Palinuridae,Panulirus,cygnus
Dongara.Millers.Masters,12.1.IR35,196273,TRUE,66,Male,Red,0,0,0,0,Alive,,,,,,FALSE,12,2019-07-08,,0,1,Palinuridae,Panulirus,cygnus
Dongara.Millers.Masters,12.1.IR35,196759,TRUE,78.5,Male,Red,0,0,0,0,Alive,,,,,,FALSE,12,2019-07-08,,0,1,Palinuridae,Panulirus,cygnus
Dongara.Millers.Masters,12.1.IR35,K4172,TRUE,78.9,Female,Red,0,0,0,0,Alive,,,,,,FALSE,12,2019-07-08,,0,1,Palinuridae,Panulirus,cygnus
Dongara.Millers.Masters,12.1.IR35,195019,TRUE,71.4,Female,Red,0,0,0,0,Alive,,,,,,FALSE,12,2019-07-08,,0,1,Palinuridae,Panulirus,cygnus
Dongara.Millers.Masters,12.1.IR35,198119,TRUE,78.9,Male,Red,0,0,0,0,Alive,,,,,,FALSE,12,2019-07-08,,0,1,Palinuridae,Panulirus,cygnus
Dongara.Millers.Masters,12.1.IR35,198463,TRUE,55.2,Male,Red,0,0,0,0,Alive,,,,,,FALSE,12,2019-07-08,,0,1,Palinuridae,Panulirus,cygnus
Dongara.Millers.Masters,12.1.IR35,198105,TRUE,70.6,Male,Red,0,0,0,0,Alive,,,,,,FALSE,12,2019-07-08,,0,1,Palinuridae,Panulirus,cygnus
Dongara.Millers.Masters,12.1.IR35,K2553,TRUE,71.5,Female,Red,0,0,0,0,Alive,,,,,,FALSE,12,2019-07-08,,0,1,Palinuridae,Panulirus,cygnus
Dongara.Millers.Masters,12.1.IR35,196440,TRUE,67.5,Male,Red,0,0,0,0,Alive,,,,,,FALSE,12,2019-07-08,,0,1,Palinuridae,Panulirus,cygnus
Dongara.Millers.Masters,12.1.IR35,196285,TRUE,64.8,Male,Red,0,0,0,0,Alive,,,,,,FALSE,12,2019-07-08,,0,1,Palinuridae,Panulirus,cygnus
Dongara.Millers.Masters,12.1.IR35,196809,TRUE,64.5,Male,Red,0,0,0,0,Alive,,,,,,FALSE,12,2019-07-08,,0,1,Palinuridae,Panulirus,cygnus
Dongara.Millers.Masters,12.1.IR35,196275,TRUE,65,Female,Red,0,0,0,0,Alive,,,,,,FALSE,12,2019-07-08,,0,1,Palinuridae,Panulirus,cygnus
Dongara.Millers.Masters,12.1.IR35,198117,TRUE,57.7,Female,Red,0,0,0,0,Alive,,,,,,FALSE,12,2019-07-08,,0,1,Palinuridae,Panulirus,cygnus
Dongara.Millers.Masters,12.1.IR35,198113,TRUE,54.9,Male,Red,0,0,0,0,Alive,,,,,,FALSE,12,2019-07-08,,0,1,Palinuridae,Panulirus,cygnus
Dongara.Millers.Masters,12.1.IR35,196803,TRUE,58.9,Female,Red,0,0,0,0,Alive,,,,,,FALSE,12,2019-07-08,,0,1,Palinuridae,Panulirus,cygnus
Dongara.Millers.Masters,12.1.IR29,198189,TRUE,77.2,Female,Red,0,0,0,0,Alive,,,,,,FALSE,12,2019-07-08,,0,1,Palinuridae,Panulirus,cygnus
Dongara.Millers.Masters,12.1.IR29,196548,TRUE,74.5,Female,Red,0,0,0,0,Alive,,,,,,FALSE,12,2019-07-08,,0,1,Palinuridae,Panulirus,cygnus
Dongara.Millers.Masters,12.1.IR29,195485,TRUE,80.4,Male,Red,0,0,0,0,Alive,,,,,,FALSE,12,2019-07-08,,0,1,Palinuridae,Panulirus,cygnus
Dongara.Millers.Masters,12.1.IR29,K2364,TRUE,82.9,Male,Red,0,0,0,0,Alive,,,,,,FALSE,12,2019-07-08,,0,1,Palinuridae,Panulirus,cygnus
Dongara.Millers.Masters,12.1.IR29,196516,TRUE,67.1,Female,Red,0,0,0,0,Alive,,,,,,FALSE,12,2019-07-08,,0,1,Palinuridae,Panulirus,cygnus
Dongara.Millers.Masters,12.1.IR29,196266,TRUE,64.5,Female,Red,0,0,0,0,Alive,,,,,,FALSE,12,2019-07-08,,0,1,Palinuridae,Panulirus,cygnus
Dongara.Millers.Masters,12.1.IR29,198197,TRUE,61.3,Female,Red,0,0,0,0,Alive,,,,,,FALSE,12,2019-07-08,,0,1,Palinuridae,Panulirus,cygnus
Dongara.Millers.Masters,12.1.IR29,191754,TRUE,66.9,Female,Red,0,0,0,0,Alive,,,,,,FALSE,12,2019-07-08,,0,1,Palinuridae,Panulirus,cygnus
Dongara.Millers.Masters,12.1.IR29,198103,TRUE,62.5,Male,Red,0,0,0,0,Alive,,,,,,FALSE,12,2019-07-08,,0,1,Palinuridae,Panulirus,cygnus
Dongara.Millers.Masters,12.1.IR29,198620,TRUE,59.8,Male,Red,0,0,0,0,Alive,,,,,,FALSE,12,2019-07-08,,0,1,Palinuridae,Panulirus,cygnus
Dongara.Millers.Masters,12.1.IR49,K2371,TRUE,78.9,Male,Red,0,0,0,0,Alive,,,,,,FALSE,12,2019-07-08,,0,1,Palinuridae,Panulirus,cygnus
Dongara.Millers.Masters,12.1.IR49,196513,TRUE,73.4,Female,Red,0,0,0,0,Alive,,,,,,FALSE,12,2019-07-08,,0,1,Palinuridae,Panulirus,cygnus
Dongara.Millers.Masters,12.1.IR49,197125,TRUE,65.5,Female,Red,0,0,0,0,Alive,,,,,,FALSE,12,2019-07-08,,0,1,Palinuridae,Panulirus,cygnus
Dongara.Millers.Masters,12.1.IR49,196520,TRUE,72.7,Female,Red,0,0,0,0,Alive,,,,,,FALSE,12,2019-07-08,,0,1,Palinuridae,Panulirus,cygnus
Dongara.Millers.Masters,12.1.IR49,191964,TRUE,55.6,Female,Red,0,0,0,0,Alive,,,,,,FALSE,12,2019-07-08,,0,1,Palinuridae,Panulirus,cygnus
Dongara.Millers.Masters,12.1.IR12,198607,TRUE,54.2,Female,Red,0,0,0,0,Alive,,,,,,FALSE,12,2019-07-08,,0,1,Palinuridae,Panulirus,cygnus
Dongara.Millers.Masters,12.1.IR12,198612,TRUE,55.5,Female,Red,0,0,0,0,Alive,,,,,,FALSE,12,2019-07-08,,0,1,Palinuridae,Panulirus,cygnus
Dongara.Millers.Masters,12.1.IR12,191436,TRUE,62.1,Male,Red,0,0,0,0,Alive,,,,,,FALSE,12,2019-07-08,,0,1,Palinuridae,Panulirus,cygnus
Dongara.Millers.Masters,12.1.IR12,198600,TRUE,64,Male,Red,0,0,0,0,Alive,,,,,,FALSE,12,2019-07-08,,0,1,Palinuridae,Panulirus,cygnus
Dongara.Millers.Masters,12.1.IR12,196510,TRUE,65.9,Male,Red,0,0,0,0,Alive,,,,,,FALSE,12,2019-07-08,,0,1,Palinuridae,Panulirus,cygnus
Dongara.Millers.Masters,12.1.IR12,198611,TRUE,54.9,Female,Red,0,0,0,0,Alive,,,,,,FALSE,12,2019-07-08,,0,1,Palinuridae,Panulirus,cygnus
Dongara.Millers.Masters,12.1.IR12,198156,TRUE,66,Male,Red,0,0,0,0,Alive,,,,,,FALSE,12,2019-07-08,,0,1,Palinuridae,Panulirus,cygnus
Dongara.Millers.Masters,12.1.WL33,K2033,TRUE,75.3,Female,Red,0,0,0,0,Alive,,,,,,FALSE,12,2019-07-08,,0,1,Palinuridae,Panulirus,cygnus
Dongara.Millers.Masters,12.1.WL33,,,65,Male,Red,0,0,0,0,Alive,,,,,,FALSE,12,2019-07-08,,0,1,Palinuridae,Panulirus,cygnus
Dongara.Millers.Masters,12.1.WL33,,,72.5,Female,Red,0,0,0,0,Alive,,,,,,FALSE,12,2019-07-08,,0,1,Palinuridae,Panulirus,cygnus
Dongara.Millers.Masters,12.1.WL21,,,84.4,Male,Red,0,0,0,0,Alive,,,,,,FALSE,12,2019-07-08,,0,1,Palinuridae,Panulirus,cygnus
Dongara.Millers.Masters,12.1.WL21,,,89.2,Male,Red,0,0,0,0,Alive,,,,,,FALSE,12,2019-07-08,,0,1,Palinuridae,Panulirus,cygnus
Dongara.Millers.Masters,12.1.WL21,,,82.5,Male,Red,0,0,0,0,Alive,,,,,,FALSE,12,2019-07-08,,0,1,Palinuridae,Panulirus,cygnus
Dongara.Millers.Masters,12.1.WL21,,,86.6,Female,Red,0,0,0,0,Alive,,,,,,FALSE,12,2019-07-08,,0,1,Palinuridae,Panulirus,cygnus
Dongara.Millers.Masters,12.1.WL21,,,84.4,Male,Red,0,0,0,0,Alive,,,,,,FALSE,12,2019-07-08,,0,1,Palinuridae,Panulirus,cygnus
Dongara.Millers.Masters,12.1.WL21,,,75.2,Male,Red,0,0,0,0,Alive,,,,,,FALSE,12,2019-07-08,,0,1,Palinuridae,Panulirus,cygnus
Dongara.Millers.Masters,12.1.WL21,191277,TRUE,74.3,Male,Red,0,0,0,0,Alive,,,,,,FALSE,12,2019-07-08,,0,1,Palinuridae,Panulirus,cygnus
Dongara.Millers.Masters,12.1.WL21,191279,TRUE,75.5,Female,Red,0,0,0,0,Alive,,,,,,FALSE,12,2019-07-08,,0,1,Palinuridae,Panulirus,cygnus
Dongara.Millers.Masters,12.1.WL21,,,71.8,Male,Red,0,0,0,0,Alive,,,,,,FALSE,12,2019-07-08,,0,1,Palinuridae,Panulirus,cygnus
Dongara.Millers.Masters,12.1.WL21,,,60.3,Female,Red,0,0,0,0,Alive,,,,,,FALSE,12,2019-07-08,,0,1,Palinuridae,Panulirus,cygnus
Dongara.Millers.Masters,12.1.WL21,,,54.1,Female,Red,0,0,0,0,Alive,,,,,,FALSE,12,2019-07-08,,0,1,Palinuridae,Panulirus,cygnus
Dongara.Millers.Masters,12.1.WL13,K2975,TRUE,81.4,Male,Red,0,0,0,0,Alive,,,,,,FALSE,12,2019-07-08,,0,1,Palinuridae,Panulirus,cygnus
Dongara.Millers.Masters,12.1.WL13,191549,TRUE,80.3,Male,Red,0,0,0,0,Alive,,,,,,FALSE,12,2019-07-08,,0,1,Palinuridae,Panulirus,cygnus
Dongara.Millers.Masters,12.1.WL13,K2048,TRUE,78.6,Male,Red,0,0,0,0,Alive,,,,,,FALSE,12,2019-07-08,,0,1,Palinuridae,Panulirus,cygnus
Dongara.Millers.Masters,12.1.WL13,K1960,TRUE,83,Female,Red,0,0,0,0,Alive,,,,,,FALSE,12,2019-07-08,,0,1,Palinuridae,Panulirus,cygnus
Dongara.Millers.Masters,12.1.WL13,196451,TRUE,66.9,Male,Red,0,0,0,0,Alive,,,,,,FALSE,12,2019-07-08,,0,1,Palinuridae,Panulirus,cygnus
Dongara.Millers.Masters,12.1.WL13,,,62.1,Female,Red,0,0,0,0,Alive,,,,,,FALSE,12,2019-07-08,,0,1,Palinuridae,Panulirus,cygnus
Dongara.Millers.Masters,12.1.WL13,,,60,Female,Red,0,0,0,0,Alive,,,,,,FALSE,12,2019-07-08,,0,1,Palinuridae,Panulirus,cygnus
Dongara.Millers.Masters,12.1.WL13,,,76.3,Male,Red,0,0,0,0,Alive,,,,,,FALSE,12,2019-07-08,,0,1,Palinuridae,Panulirus,cygnus
Dongara.Millers.Masters,12.1.WL13,197902,TRUE,79.2,Female,Red,0,0,0,0,Alive,,,,,,FALSE,12,2019-07-08,,0,1,Palinuridae,Panulirus,cygnus
Dongara.Millers.Masters,12.1.WL13,,,72.8,Female,Red,0,0,0,0,Alive,Tag loss,,,,,FALSE,12,2019-07-08,,0,1,Palinuridae,Panulirus,cygnus
Dongara.Millers.Masters,12.1.WL13,199433,TRUE,77,Female,Red,0,0,0,0,Alive,,,,,,FALSE,12,2019-07-08,,0,1,Palinuridae,Panulirus,cygnus
Dongara.Millers.Masters,12.1.WL13,,,61.5,Male,Red,0,0,0,0,Alive,,,,,,FALSE,12,2019-07-08,,0,1,Palinuridae,Panulirus,cygnus
Dongara.Millers.Masters,12.1.WL13,196173,TRUE,59.9,Female,Red,0,0,0,0,Alive,,,,,,FALSE,12,2019-07-08,,0,1,Palinuridae,Panulirus,cygnus
Dongara.Millers.Masters,12.1.WL13,K2045,TRUE,77.3,Female,Red,0,0,0,0,Alive,,,,,,FALSE,12,2019-07-08,,0,1,Palinuridae,Panulirus,cygnus
Dongara.Millers.Masters,12.1.WL13,,,71.5,Male,Red,0,0,0,0,Alive,,,,,,FALSE,12,2019-07-08,,0,1,Palinuridae,Panulirus,cygnus
Dongara.Millers.Masters,12.1.WL13,,,56.6,Female,Red,0,0,0,0,Alive,,,,,,FALSE,12,2019-07-08,,0,1,Palinuridae,Panulirus,cygnus
Dongara.Millers.Masters,12.1.WL13,195258,TRUE,61,Female,Red,0,0,0,0,Alive,,,,,,FALSE,12,2019-07-08,,0,1,Palinuridae,Panulirus,cygnus
Dongara.Millers.Masters,12.1.WL13,191287,TRUE,65.9,Female,Red,0,0,0,0,Alive,,,,,,FALSE,12,2019-07-08,,0,1,Palinuridae,Panulirus,cygnus
Dongara.Millers.Masters,12.1.WL13,191548,TRUE,71.9,Female,Red,0,0,0,0,Alive,,,,,,FALSE,12,2019-07-08,,0,1,Palinuridae,Panulirus,cygnus
Dongara.Millers.Masters,12.1.WL39,,,50.3,Female,Red,0,0,0,0,Alive,,,,,,FALSE,12,2019-07-08,,0,1,Palinuridae,Panulirus,cygnus
Dongara.Millers.Masters,12.1.WL39,,,62.6,Female,Red,0,0,0,0,Alive,,,,,,FALSE,12,2019-07-08,,0,1,Palinuridae,Panulirus,cygnus
Dongara.Millers.Masters,12.1.WL39,,,59.8,Female,Red,0,0,0,0,Alive,,,,,,FALSE,12,2019-07-08,,0,1,Palinuridae,Panulirus,cygnus
Dongara.Millers.Masters,12.1.WL39,,,60.6,Female,Red,0,0,0,0,Alive,,,,,,FALSE,12,2019-07-08,,0,1,Palinuridae,Panulirus,cygnus
Dongara.Millers.Masters,12.1.WL39,,,76.9,Female,Red,0,0,0,0,Alive,,,,,,FALSE,12,2019-07-08,,0,1,Palinuridae,Panulirus,cygnus
Dongara.Millers.Masters,12.1.WL39,,,61.3,Male,Red,0,0,0,0,Alive,,,,,,FALSE,12,2019-07-08,,0,1,Palinuridae,Panulirus,cygnus
Dongara.Millers.Masters,12.1.WL39,,,56.6,Male,Red,0,0,0,0,Alive,,,,,,FALSE,12,2019-07-08,,0,1,Palinuridae,Panulirus,cygnus
Dongara.Millers.Masters,12.1.WL39,,,59.4,Male,Red,0,0,0,0,Alive,,,,,,FALSE,12,2019-07-08,,0,1,Palinuridae,Panulirus,cygnus
Dongara.Millers.Masters,12.1.WL39,,,53.8,Female,Red,0,0,0,0,Alive,,,,,,FALSE,12,2019-07-08,,0,1,Palinuridae,Panulirus,cygnus
Dongara.Millers.Masters,12.1.WL34,,,71.4,Male,Red,0,0,0,0,Alive,,,,,,FALSE,12,2019-07-08,,0,1,Palinuridae,Panulirus,cygnus
Dongara.Millers.Masters,12.1.WL34,,,76.5,Female,Red,0,0,0,0,Alive,,,,,,FALSE,12,2019-07-08,,0,1,Palinuridae,Panulirus,cygnus
Dongara.Millers.Masters,12.1.WL34,198299,TRUE,78.9,Female,Red,0,0,0,0,Alive,,,,,,FALSE,12,2019-07-08,,0,1,Palinuridae,Panulirus,cygnus
Dongara.Millers.Masters,12.1.WL34,,,62.1,Female,Red,0,0,0,0,Alive,,,,,,FALSE,12,2019-07-08,,0,1,Palinuridae,Panulirus,cygnus
Dongara.Millers.Masters,12.1.WL34,,,72.7,Female,Red,0,0,0,0,Alive,,,,,,FALSE,12,2019-07-08,,0,1,Palinuridae,Panulirus,cygnus
Dongara.Millers.Masters,12.1.WL34,,,55.2,Female,Red,0,0,0,0,Alive,,,,,,FALSE,12,2019-07-08,,0,1,Palinuridae,Panulirus,cygnus
Dongara.Millers.Masters,12.1.WL20,,,90.3,Male,Red,0,0,0,0,Alive,,,,,,FALSE,12,2019-07-08,,0,1,Palinuridae,Panulirus,cygnus
Dongara.Millers.Masters,12.1.WL20,,,72.1,Female,Red,0,0,0,0,Alive,,,,,,FALSE,12,2019-07-08,,0,1,Palinuridae,Panulirus,cygnus
Dongara.Millers.Masters,12.1.WL20,,,62,Female,Red,0,0,0,0,Alive,,,,,,FALSE,12,2019-07-08,,0,1,Palinuridae,Panulirus,cygnus
Dongara.Millers.Masters,12.1.WL20,,,64.3,Female,Red,0,0,0,0,Alive,,,,,,FALSE,12,2019-07-08,,0,1,Palinuridae,Panulirus,cygnus
Dongara.Millers.Masters,12.1.WL45,,,71.3,Female,Red,0,0,0,0,Alive,,,,,,FALSE,12,2019-07-08,,0,1,Palinuridae,Panulirus,cygnus
Dongara.Millers.Masters,12.1.WL45,,,67.3,Male,Red,0,0,0,0,Alive,,,,,,FALSE,12,2019-07-08,,0,1,Palinuridae,Panulirus,cygnus
Dongara.Millers.Masters,12.1.WL45,,,60.6,Male,Red,0,0,0,0,Alive,,,,,,FALSE,12,2019-07-08,,0,1,Palinuridae,Panulirus,cygnus
Dongara.Millers.Masters,12.1.WL36,191297,TRUE,73.5,Male,Red,0,0,0,0,Alive,,,,,,FALSE,12,2019-07-08,,0,1,Palinuridae,Panulirus,cygnus
Dongara.Millers.Masters,12.1.WL36,191506,TRUE,82.9,Male,Red,0,0,0,0,Alive,,,,,,FALSE,12,2019-07-08,,0,1,Palinuridae,Panulirus,cygnus
Dongara.Millers.Masters,12.1.WL36,,,83.3,Female,Red,0,0,0,0,Dead,Tag loss,,,,,FALSE,12,2019-07-08,,0,1,Palinuridae,Panulirus,cygnus
Dongara.Millers.Masters,12.1.WL36,191528,TRUE,68.9,Female,Red,0,0,0,0,Alive,,,,,,FALSE,12,2019-07-08,,0,1,Palinuridae,Panulirus,cygnus
Dongara.Millers.Masters,12.1.JB27,191258,TRUE,79.3,Male,Red,0,0,0,0,Alive,,,,,,FALSE,12,2019-07-08,,0,1,Palinuridae,Panulirus,cygnus
Dongara.Millers.Masters,12.1.JB27,,,79.3,Male,Red,0,0,0,0,Alive,,,,,,FALSE,12,2019-07-08,,0,1,Palinuridae,Panulirus,cygnus
Dongara.Millers.Masters,12.1.JB27,198910,TRUE,75.7,Male,Red,0,0,0,0,Alive,,,,,,FALSE,12,2019-07-08,,0,1,Palinuridae,Panulirus,cygnus
Dongara.Millers.Masters,12.1.JB18,,,41.9,Male,Red,0,0,0,0,Alive,,,,,,FALSE,12,2019-07-08,,0,1,Palinuridae,Panulirus,cygnus
Dongara.Millers.Masters,12.1.JB18,,,51.3,Female,Red,0,0,0,0,Alive,,,,,,FALSE,12,2019-07-08,,0,1,Palinuridae,Panulirus,cygnus
Dongara.Millers.Masters,12.1.JB18,,,69.9,Male,Red,0,0,0,0,Alive,,,,,,FALSE,12,2019-07-08,,0,1,Palinuridae,Panulirus,cygnus
Dongara.Millers.Masters,12.1.JB18,,,91.8,Male,Red,0,0,0,0,Alive,,,,,,FALSE,12,2019-07-08,,0,1,Palinuridae,Panulirus,cygnus
Dongara.Millers.Masters,12.1.JB18,,,83.6,Male,Red,0,0,0,0,Alive,,,,,,FALSE,12,2019-07-08,,0,1,Palinuridae,Panulirus,cygnus
Dongara.Millers.Masters,12.1.JB18,K1974,TRUE,84.5,Male,Red,0,0,0,0,Alive,,,,,,FALSE,12,2019-07-08,,0,1,Palinuridae,Panulirus,cygnus
Dongara.Millers.Masters,12.1.JB18,,,82.4,Male,Red,0,0,0,0,Alive,,,,,,FALSE,12,2019-07-08,,0,1,Palinuridae,Panulirus,cygnus
Dongara.Millers.Masters,12.1.JB18,,,85.1,Male,Red,0,0,0,0,Alive,,,,,,FALSE,12,2019-07-08,,0,1,Palinuridae,Panulirus,cygnus
Dongara.Millers.Masters,12.1.JB18,195831,TRUE,65.6,Female,Red,0,0,0,0,Alive,,,,,,FALSE,12,2019-07-08,,0,1,Palinuridae,Panulirus,cygnus
Dongara.Millers.Masters,12.1.JB18,,,72.1,Female,Red,0,0,0,0,Alive,,,,,,FALSE,12,2019-07-08,,0,1,Palinuridae,Panulirus,cygnus
Dongara.Millers.Masters,12.1.JB18,,,67.1,Male,Red,0,0,0,0,Alive,,,,,,FALSE,12,2019-07-08,,0,1,Palinuridae,Panulirus,cygnus
Dongara.Millers.Masters,12.1.JB18,,,62,Male,Red,0,0,0,0,Alive,,,,,,FALSE,12,2019-07-08,,0,1,Palinuridae,Panulirus,cygnus
Dongara.Millers.Masters,12.1.JB18,197075,TRUE,55.3,Female,Red,0,0,0,0,Alive,,,,,,FALSE,12,2019-07-08,,0,1,Palinuridae,Panulirus,cygnus
Dongara.Millers.Masters,12.1.JB18,,,43.4,Female,Red,0,0,0,0,Alive,,,,,,FALSE,12,2019-07-08,,0,1,Palinuridae,Panulirus,cygnus
Dongara.Millers.Masters,12.1.JB18,,,40.3,Female,Red,0,0,0,0,Alive,,,,,,FALSE,12,2019-07-08,,0,1,Palinuridae,Panulirus,cygnus
Dongara.Millers.Masters,12.1.JB18,,,39.8,Female,Red,0,0,0,0,Alive,,,,,,FALSE,12,2019-07-08,,0,1,Palinuridae,Panulirus,cygnus
Dongara.Millers.Masters,12.1.JB18,,,72.3,Female,Red,0,0,0,0,Alive,,,,,,FALSE,12,2019-07-08,,0,1,Palinuridae,Panulirus,cygnus
Dongara.Millers.Masters,12.1.JB18,,,63.4,Male,Red,0,0,0,0,Alive,,,,,,FALSE,12,2019-07-08,,0,1,Palinuridae,Panulirus,cygnus
Dongara.Millers.Masters,12.1.JB18,,,55.2,Female,Red,0,0,0,0,Alive,,,,,,FALSE,12,2019-07-08,,0,1,Palinuridae,Panulirus,cygnus
Dongara.Millers.Masters,12.1.JB18,,,54.6,Male,Red,0,0,0,0,Alive,,,,,,FALSE,12,2019-07-08,,0,1,Palinuridae,Panulirus,cygnus
Dongara.Millers.Masters,12.1.JB18,,,41.4,Male,Red,0,0,0,0,Alive,,,,,,FALSE,12,2019-07-08,,0,1,Palinuridae,Panulirus,cygnus
Dongara.Millers.Masters,12.1.JB18,,,54.2,Male,Red,0,0,0,0,Alive,,,,,,FALSE,12,2019-07-08,,0,1,Palinuridae,Panulirus,cygnus
Dongara.Millers.Masters,12.1.JB4,,,61.9,Female,Red,0,0,0,0,Alive,,,,,,FALSE,12,2019-07-08,,0,1,Palinuridae,Panulirus,cygnus
Dongara.Millers.Masters,12.1.JB4,,,78.4,Male,Red,0,0,0,0,Alive,,,,,,FALSE,12,2019-07-08,,0,1,Palinuridae,Panulirus,cygnus
Dongara.Millers.Masters,12.1.JB4,,,81.6,Male,Red,0,0,0,0,Alive,,,,,,FALSE,12,2019-07-08,,0,1,Palinuridae,Panulirus,cygnus
Dongara.Millers.Masters,12.1.JB4,197178,TRUE,62.1,Male,Red,0,0,0,0,Alive,,,,,,FALSE,12,2019-07-08,,0,1,Palinuridae,Panulirus,cygnus
Dongara.Millers.Masters,12.1.JB4,199449,TRUE,66.6,Male,Red,0,0,0,0,Alive,,,,,,FALSE,12,2019-07-08,,0,1,Palinuridae,Panulirus,cygnus
Dongara.Millers.Masters,12.1.JB4,,,69.4,Female,Red,0,0,0,0,Alive,,,,,,FALSE,12,2019-07-08,,0,1,Palinuridae,Panulirus,cygnus
Dongara.Millers.Masters,12.1.JB4,,,77,Male,Red,0,0,0,0,Alive,,,,,,FALSE,12,2019-07-08,,0,1,Palinuridae,Panulirus,cygnus
Dongara.Millers.Masters,12.1.JB4,,,48.9,Female,Red,0,0,0,0,Alive,,,,,,FALSE,12,2019-07-08,,0,1,Palinuridae,Panulirus,cygnus
Dongara.Millers.Masters,12.1.JB46,,,68.8,Female,Red,0,0,0,0,Alive,,,,,,FALSE,12,2019-07-08,,0,1,Palinuridae,Panulirus,cygnus
Dongara.Millers.Masters,12.1.JB46,195895,TRUE,65,Female,Red,0,0,0,0,Alive,,,,,,FALSE,12,2019-07-08,,0,1,Palinuridae,Panulirus,cygnus
Dongara.Millers.Masters,12.1.JB46,,,58.4,Male,Red,0,0,0,0,Alive,,,,,,FALSE,12,2019-07-08,,0,1,Palinuridae,Panulirus,cygnus
Dongara.Millers.Masters,12.1.JB19,,,82.5,Male,Red,0,0,0,0,Alive,,,,,,FALSE,12,2019-07-08,,0,1,Palinuridae,Panulirus,cygnus
Dongara.Millers.Masters,12.1.JB19,191939,TRUE,81.8,Male,Red,0,0,0,0,Alive,,,,,,FALSE,12,2019-07-08,,0,1,Palinuridae,Panulirus,cygnus
Dongara.Millers.Masters,12.1.JB19,,,86.9,Male,Red,0,0,0,0,Alive,,,,,,FALSE,12,2019-07-08,,0,1,Palinuridae,Panulirus,cygnus
Dongara.Millers.Masters,12.1.JB19,,,63.1,Female,Red,0,0,0,0,Alive,,,,,,FALSE,12,2019-07-08,,0,1,Palinuridae,Panulirus,cygnus
Dongara.Millers.Masters,12.1.JB50,,,63.5,Male,Red,0,0,0,0,Alive,,,,,,FALSE,12,2019-07-08,,0,1,Palinuridae,Panulirus,cygnus
Dongara.Millers.Masters,12.1.JB50,,,71.3,Female,Red,0,0,0,0,Alive,,,,,,FALSE,12,2019-07-08,,0,1,Palinuridae,Panulirus,cygnus
Dongara.Millers.Masters,12.1.JB50,,,47.3,Male,Red,0,0,0,0,Alive,,,,,,FALSE,12,2019-07-08,,0,1,Palinuridae,Panulirus,cygnus
Dongara.Millers.Masters,12.1.JB22,,,76.9,Female,Red,0,0,0,0,Alive,,,,,,FALSE,12,2019-07-08,,0,1,Palinuridae,Panulirus,cygnus
Dongara.Millers.Masters,12.1.JB22,195746,TRUE,71.1,Female,Red,0,0,0,0,Alive,,,,,,FALSE,12,2019-07-08,,0,1,Palinuridae,Panulirus,cygnus
Dongara.Millers.Masters,12.1.JB22,,,79.4,Male,Red,0,0,0,0,Alive,,,,,,FALSE,12,2019-07-08,,0,1,Palinuridae,Panulirus,cygnus
Dongara.Millers.Masters,12.1.JB22,,,60,Male,Red,0,0,0,0,Alive,,,,,,FALSE,12,2019-07-08,,0,1,Palinuridae,Panulirus,cygnus
Dongara.Millers.Masters,12.1.SR16,191938,TRUE,82.2,Female,Red,0,0,0,0,Alive,,,,,,FALSE,12,2019-07-08,,0,1,Palinuridae,Panulirus,cygnus
Dongara.Millers.Masters,12.1.SR16,,,75.5,Male,Red,0,0,0,0,Alive,,,,,,FALSE,12,2019-07-08,,0,1,Palinuridae,Panulirus,cygnus
Dongara.Millers.Masters,12.1.SR16,K4114,TRUE,72.9,Male,Red,0,0,0,0,Alive,,,,,,FALSE,12,2019-07-08,,0,1,Palinuridae,Panulirus,cygnus
Dongara.Millers.Masters,12.1.SR2,,,79.5,Female,Red,0,0,0,0,Alive,,,,,,FALSE,12,2019-07-08,,0,1,Palinuridae,Panulirus,cygnus
Dongara.Millers.Masters,12.1.SR2,,,68.6,Female,Red,0,0,0,0,Alive,,,,,,FALSE,12,2019-07-08,,0,1,Palinuridae,Panulirus,cygnus
Dongara.Millers.Masters,12.1.SR40,,,60,Female,Red,0,0,0,0,Alive,,,,,,FALSE,12,2019-07-08,,0,1,Palinuridae,Panulirus,cygnus
Dongara.Millers.Masters,12.1.SR40,,,60.2,Male,Red,0,0,0,0,Alive,,,,,,FALSE,12,2019-07-08,,0,1,Palinuridae,Panulirus,cygnus
Dongara.Millers.Masters,12.1.SR40,,,60.6,Female,Red,0,0,0,0,Alive,,,,,,FALSE,12,2019-07-08,,0,1,Palinuridae,Panulirus,cygnus
Dongara.Millers.Masters,12.1.SR40,,,57,Male,Red,0,0,0,0,Alive,,,,,,FALSE,12,2019-07-08,,0,1,Palinuridae,Panulirus,cygnus
Dongara.Millers.Masters,12.1.SR40,,,49.8,Male,Red,0,0,0,0,Alive,,,,,,FALSE,12,2019-07-08,,0,1,Palinuridae,Panulirus,cygnus
Dongara.Millers.Masters,12.1.SR40,,,53.1,Male,Red,0,0,0,0,Alive,,,,,,FALSE,12,2019-07-08,,0,1,Palinuridae,Panulirus,cygnus
Dongara.Millers.Masters,12.1.SR40,,,49.9,Male,Red,0,0,0,0,Alive,,,,,,FALSE,12,2019-07-08,,0,1,Palinuridae,Panulirus,cygnus
Dongara.Millers.Masters,12.1.SR40,,,55.3,Male,Red,0,0,0,0,Alive,,,,,,FALSE,12,2019-07-08,,0,1,Palinuridae,Panulirus,cygnus
Dongara.Millers.Masters,12.1.SR23,,,70.9,Female,Red,0,0,0,0,Alive,,,,,,FALSE,12,2019-07-08,,0,1,Palinuridae,Panulirus,cygnus
Dongara.Millers.Masters,12.1.SR23,,,69.3,Male,Red,0,0,0,0,Alive,,,,,,FALSE,12,2019-07-08,,0,1,Palinuridae,Panulirus,cygnus
Dongara.Millers.Masters,12.1.SR26,,,63.9,Male,Red,0,0,0,0,Alive,,,,,,FALSE,12,2019-07-08,,0,1,Palinuridae,Panulirus,cygnus
Dongara.Millers.Masters,12.1.SR26,,,81.2,Female,Red,0,0,0,0,Alive,,,,,,FALSE,12,2019-07-08,,0,1,Palinuridae,Panulirus,cygnus
Dongara.Millers.Masters,12.1.SR26,,,90,Male,Red,0,0,0,0,Alive,,,,,,FALSE,12,2019-07-08,,0,1,Palinuridae,Panulirus,cygnus
Dongara.Millers.Masters,12.1.SR26,,,88.9,Male,Red,0,0,0,0,Alive,,,,,,FALSE,12,2019-07-08,,0,1,Palinuridae,Panulirus,cygnus
Dongara.Millers.Masters,12.1.SR26,,,81.4,Male,Red,0,0,0,0,Alive,,,,,,FALSE,12,2019-07-08,,0,1,Palinuridae,Panulirus,cygnus
Dongara.Millers.Masters,12.1.SR26,,,88.7,Male,Red,0,0,0,0,Alive,,,,,,FALSE,12,2019-07-08,,0,1,Palinuridae,Panulirus,cygnus
Dongara.Millers.Masters,12.1.SR26,,,78.8,Male,Red,0,0,0,0,Alive,,,,,,FALSE,12,2019-07-08,,0,1,Palinuridae,Panulirus,cygnus
Dongara.Millers.Masters,12.1.SR26,,,73.6,Female,Red,0,0,0,0,Alive,,,,,,FALSE,12,2019-07-08,,0,1,Palinuridae,Panulirus,cygnus
Dongara.Millers.Masters,12.1.SR26,,,79.1,Male,Red,0,0,0,0,Alive,,,,,,FALSE,12,2019-07-08,,0,1,Palinuridae,Panulirus,cygnus
Dongara.Millers.Masters,12.1.SR26,,,70.1,Male,Red,0,0,0,0,Alive,,,,,,FALSE,12,2019-07-08,,0,1,Palinuridae,Panulirus,cygnus
Dongara.Millers.Masters,12.1.SR26,,,62.6,Female,Red,0,0,0,0,Alive,,,,,,FALSE,12,2019-07-08,,0,1,Palinuridae,Panulirus,cygnus
Dongara.Millers.Masters,12.1.SR26,,,62.8,Female,Red,0,0,0,0,Alive,,,,,,FALSE,12,2019-07-08,,0,1,Palinuridae,Panulirus,cygnus
Dongara.Millers.Masters,12.1.SR26,,,53.1,Female,Red,0,0,0,0,Alive,,,,,,FALSE,12,2019-07-08,,0,1,Palinuridae,Panulirus,cygnus
Dongara.Millers.Masters,12.1.SR26,,,57.4,Male,Red,0,0,0,0,Alive,,,,,,FALSE,12,2019-07-08,,0,1,Palinuridae,Panulirus,cygnus
Dongara.Millers.Masters,12.1.SR26,198880,TRUE,55.5,Male,Red,0,0,0,0,Alive,,,,,,FALSE,12,2019-07-08,,0,1,Palinuridae,Panulirus,cygnus
Dongara.Millers.Masters,12.1.SR26,,,59.8,Male,Red,0,0,0,0,Alive,,,,,,FALSE,12,2019-07-08,,0,1,Palinuridae,Panulirus,cygnus
Dongara.Millers.Masters,12.1.SR41,,,72.6,Female,Red,0,0,0,0,Alive,,,,,,FALSE,12,2019-07-08,,0,1,Palinuridae,Panulirus,cygnus
Dongara.Millers.Masters,12.1.SR41,,,84.2,Male,Red,0,0,0,0,Alive,,,,,,FALSE,12,2019-07-08,,0,1,Palinuridae,Panulirus,cygnus
Dongara.Millers.Masters,12.1.SR41,,,72.5,Female,Red,0,0,0,0,Alive,,,,,,FALSE,12,2019-07-08,,0,1,Palinuridae,Panulirus,cygnus
Dongara.Millers.Masters,12.1.SR41,,,72.4,Female,Red,0,0,0,0,Alive,,,,,,FALSE,12,2019-07-08,,0,1,Palinuridae,Panulirus,cygnus
Dongara.Millers.Masters,12.1.SR41,,,73.6,Male,Red,0,0,0,0,Alive,,,,,,FALSE,12,2019-07-08,,0,1,Palinuridae,Panulirus,cygnus
Dongara.Millers.Masters,12.1.SR44,,,93,Female,Red,0,0,0,0,Alive,,,Mature,,,FALSE,12,2019-07-08,,0,1,Palinuridae,Panulirus,cygnus
Dongara.Millers.Masters,12.1.SR44,,,83.7,Male,Red,0,0,0,0,Alive,,,,,,FALSE,12,2019-07-08,,0,1,Palinuridae,Panulirus,cygnus
Dongara.Millers.Masters,12.1.SR8,,,89.6,Male,Red,0,0,0,0,Alive,,,,,,FALSE,12,2019-07-08,,0,1,Palinuridae,Panulirus,cygnus
Dongara.Millers.Masters,12.1.SR8,,,81.9,Male,Red,0,0,0,0,Alive,,,,,,FALSE,12,2019-07-08,,0,1,Palinuridae,Panulirus,cygnus
Dongara.Millers.Masters,12.1.SR8,,,91.5,Male,Red,0,0,0,0,Alive,,,,,,FALSE,12,2019-07-08,,0,1,Palinuridae,Panulirus,cygnus
Dongara.Millers.Masters,12.1.SR8,,,62,Female,Red,0,0,0,0,Alive,,,,,,FALSE,12,2019-07-08,,0,1,Palinuridae,Panulirus,cygnus
Dongara.Millers.Masters,12.1.SR10,,,85.4,Male,Red,0,0,0,0,Alive,,,,,,FALSE,12,2019-07-08,,0,1,Palinuridae,Panulirus,cygnus
Dongara.Millers.Masters,12.1.SR10,,,87.2,Male,Red,0,0,0,0,Alive,,,,,,FALSE,12,2019-07-08,,0,1,Palinuridae,Panulirus,cygnus
Dongara.Millers.Masters,12.1.SR30,,,86.4,Male,Red,0,0,0,0,Alive,,,,,,FALSE,12,2019-07-08,,0,1,Palinuridae,Panulirus,cygnus
Dongara.Millers.Masters,12.1.SR30,,,87,Male,Red,0,0,0,0,Alive,,,,,,FALSE,12,2019-07-08,,0,1,Palinuridae,Panulirus,cygnus
Dongara.Millers.Masters,12.1.SR30,,,84.2,Male,Red,0,0,0,0,Alive,,,,,,FALSE,12,2019-07-08,,0,1,Palinuridae,Panulirus,cygnus
Dongara.Millers.Masters,12.1.SR30,,,80.9,Male,Red,0,0,0,0,Alive,,,,,,FALSE,12,2019-07-08,,0,1,Palinuridae,Panulirus,cygnus
Dongara.Millers.Masters,12.1.SR30,,,71.2,Male,Red,0,0,0,0,Alive,,,,,,FALSE,12,2019-07-08,,0,1,Palinuridae,Panulirus,cygnus
Dongara.Millers.Masters,12.1.SR30,,,68.8,Female,Red,0,0,0,0,Alive,,,,,,FALSE,12,2019-07-08,,0,1,Palinuridae,Panulirus,cygnus
Dongara.Millers.Masters,12.1.SR30,,,75.2,Male,Red,0,0,0,0,Alive,,,,,,FALSE,12,2019-07-08,,0,1,Palinuridae,Panulirus,cygnus
Dongara.Millers.Masters,12.1.SR43,,,77,Female,Red,0,0,0,0,Alive,,,,,,FALSE,12,2019-07-08,,0,1,Palinuridae,Panulirus,cygnus
Dongara.Millers.Masters,12.1.SR43,,,72.7,Female,Red,0,0,0,0,Alive,,,,,,FALSE,12,2019-07-08,,0,1,Palinuridae,Panulirus,cygnus
Dongara.Millers.Masters,12.1.SR7,,,91.7,Male,Red,0,0,0,0,Alive,Tag loss,,,,,FALSE,12,2019-07-08,,0,1,Palinuridae,Panulirus,cygnus
Dongara.Millers.Masters,12.1.LHS1,,,71.7,Male,Red,0,0,0,0,Alive,,,,,,FALSE,12,2019-07-08,,0,1,Palinuridae,Panulirus,cygnus
Dongara.Millers.Masters,12.1.LHS1,,,84.5,Male,Red,0,0,0,0,Dead,,,,,,FALSE,12,2019-07-08,,0,1,Palinuridae,Panulirus,cygnus
Dongara.Millers.Masters,12.1.LHS25,,,59.2,Female,Red,0,0,0,0,Alive,,,,,,FALSE,12,2019-07-08,,0,1,Palinuridae,Panulirus,cygnus
Dongara.Millers.Masters,12.2.LHS6,,,73.5,Male,Red,0,0,0,0,Alive,,,,,,FALSE,12,2019-07-09,,0,1,Palinuridae,Panulirus,cygnus
Dongara.Millers.Masters,12.2.LHS25,,,78.2,Male,Red,0,0,0,0,Alive,,,,,,FALSE,12,2019-07-09,,0,1,Palinuridae,Panulirus,cygnus
Dongara.Millers.Masters,12.2.LHS25,,,80.5,Female,Red,0,0,0,0,Alive,,,,,,FALSE,12,2019-07-09,,0,1,Palinuridae,Panulirus,cygnus
Dongara.Millers.Masters,12.2.LHS25,,,55.6,Male,Red,0,0,0,0,Alive,,,,,,FALSE,12,2019-07-09,,0,1,Palinuridae,Panulirus,cygnus
Dongara.Millers.Masters,12.2.LHS25,,,87.6,Male,Red,0,0,0,0,Alive,,,,,,FALSE,12,2019-07-09,,0,1,Palinuridae,Panulirus,cygnus
Dongara.Millers.Masters,12.2.LHS3,,,83,Male,Red,0,0,0,0,Alive,,,,,,FALSE,12,2019-07-09,,0,1,Palinuridae,Panulirus,cygnus
Dongara.Millers.Masters,12.2.LHS3,,,77.5,Female,Red,0,0,0,0,Alive,,,,,,FALSE,12,2019-07-09,,0,1,Palinuridae,Panulirus,cygnus
Dongara.Millers.Masters,12.2.LHS3,,,77.4,Male,Red,0,0,0,0,Alive,,,,,,FALSE,12,2019-07-09,,0,1,Palinuridae,Panulirus,cygnus
Dongara.Millers.Masters,12.2.LHS3,,,47.2,Male,Red,0,0,0,0,Alive,,,,,,FALSE,12,2019-07-09,,0,1,Palinuridae,Panulirus,cygnus
Dongara.Millers.Masters,12.2.LHS47,,,84.1,Male,Red,0,0,0,0,Alive,,,,,,FALSE,12,2019-07-09,,0,1,Palinuridae,Panulirus,cygnus
Dongara.Millers.Masters,12.2.LHS47,,,71.9,Male,Red,0,0,0,0,Alive,,,,,,FALSE,12,2019-07-09,,0,1,Palinuridae,Panulirus,cygnus
Dongara.Millers.Masters,12.2.LHS47,196242,TRUE,63.6,Male,Red,0,0,0,0,Alive,,,,,,FALSE,12,2019-07-09,,0,1,Palinuridae,Panulirus,cygnus
Dongara.Millers.Masters,12.2.LHS47,,,61,Male,Red,0,0,0,0,Alive,,,,,,FALSE,12,2019-07-09,,0,1,Palinuridae,Panulirus,cygnus
Dongara.Millers.Masters,12.2.LHS24,,,84.1,Male,Red,0,0,0,0,Alive,,,,,,FALSE,12,2019-07-09,,0,1,Palinuridae,Panulirus,cygnus
Dongara.Millers.Masters,12.2.LHS24,196232,TRUE,55.1,Female,Red,0,0,0,0,Alive,,,,,,FALSE,12,2019-07-09,,0,1,Palinuridae,Panulirus,cygnus
Dongara.Millers.Masters,12.2.LHS24,195545,TRUE,61.7,Female,Red,0,0,0,0,Alive,,,,,,FALSE,12,2019-07-09,,0,1,Palinuridae,Panulirus,cygnus
Dongara.Millers.Masters,12.2.LHS24,,,62.2,Female,Red,0,0,0,0,Alive,,,,,,FALSE,12,2019-07-09,,0,1,Palinuridae,Panulirus,cygnus
Dongara.Millers.Masters,12.2.LHS24,196234,TRUE,62.9,Male,Red,0,0,0,0,Alive,,,,,,FALSE,12,2019-07-09,,0,1,Palinuridae,Panulirus,cygnus
Dongara.Millers.Masters,12.2.LHS24,,,49.4,Female,Red,0,0,0,0,Alive,,,,,,FALSE,12,2019-07-09,,0,1,Palinuridae,Panulirus,cygnus
Dongara.Millers.Masters,12.2.LHS1,K2008,TRUE,77.6,Female,Red,0,0,0,0,Alive,,,,,,FALSE,12,2019-07-09,,0,1,Palinuridae,Panulirus,cygnus
Dongara.Millers.Masters,12.2.LHS1,,,68.9,Male,Red,0,0,0,0,Alive,,,,,,FALSE,12,2019-07-09,,0,1,Palinuridae,Panulirus,cygnus
Dongara.Millers.Masters,12.2.LHS7,,,76,Male,Red,0,0,0,0,Alive,,,,,,FALSE,12,2019-07-09,,0,1,Palinuridae,Panulirus,cygnus
Dongara.Millers.Masters,12.2.LHS43,,,80.4,Male,Red,0,0,0,0,Alive,,,,,,FALSE,12,2019-07-09,,0,1,Palinuridae,Panulirus,cygnus
Dongara.Millers.Masters,12.2.LHS43,,,59.9,Male,Red,0,0,0,0,Alive,,,,,,FALSE,12,2019-07-09,,0,1,Palinuridae,Panulirus,cygnus
Dongara.Millers.Masters,12.2.LHS29,,,66.9,Male,Red,0,0,0,0,Alive,,,,,,FALSE,12,2019-07-09,,0,1,Palinuridae,Panulirus,cygnus
Dongara.Millers.Masters,12.2.LHS39,,,60.8,Male,Red,0,0,0,0,Alive,,,,,,FALSE,12,2019-07-09,,0,1,Palinuridae,Panulirus,cygnus
Dongara.Millers.Masters,12.2.LHS39,,,81.7,Male,Red,0,0,0,0,Alive,,,,,,FALSE,12,2019-07-09,,0,1,Palinuridae,Panulirus,cygnus
Dongara.Millers.Masters,12.2.LHS39,,,82.7,Male,Red,0,0,0,0,Alive,,,,,,FALSE,12,2019-07-09,,0,1,Palinuridae,Panulirus,cygnus
Dongara.Millers.Masters,12.2.LHS39,,,69.4,Female,Red,0,0,0,0,Alive,,,,,,FALSE,12,2019-07-09,,0,1,Palinuridae,Panulirus,cygnus
Dongara.Millers.Masters,12.2.LHS39,,,71.4,Female,Red,0,0,0,0,Alive,,,,,,FALSE,12,2019-07-09,,0,1,Palinuridae,Panulirus,cygnus
Dongara.Millers.Masters,12.2.LHS39,,,61.1,Female,Red,0,0,0,0,Alive,,,,,,FALSE,12,2019-07-09,,0,1,Palinuridae,Panulirus,cygnus
Dongara.Millers.Masters,12.2.LHS39,,,69.6,Female,Red,0,0,0,0,Alive,,,,,,FALSE,12,2019-07-09,,0,1,Palinuridae,Panulirus,cygnus
Dongara.Millers.Masters,12.2.LHS33,,,78.8,Female,Red,0,0,0,0,Alive,,,,,,FALSE,12,2019-07-09,,0,1,Palinuridae,Panulirus,cygnus
Dongara.Millers.Masters,12.2.LHS33,,,82.3,Male,Red,0,0,0,0,Alive,,,,,,FALSE,12,2019-07-09,,0,1,Palinuridae,Panulirus,cygnus
Dongara.Millers.Masters,12.2.LHS33,,,54.2,Male,Red,0,0,0,0,Alive,,,,,,FALSE,12,2019-07-09,,0,1,Palinuridae,Panulirus,cygnus
Dongara.Millers.Masters,12.2.LHS15,,,72,Male,Red,0,0,0,0,Alive,,,,,,FALSE,12,2019-07-09,,0,1,Palinuridae,Panulirus,cygnus
Dongara.Millers.Masters,12.2.LHS12,,,62.5,Female,Red,0,0,0,0,Alive,,,,,,FALSE,12,2019-07-09,,0,1,Palinuridae,Panulirus,cygnus
Dongara.Millers.Masters,12.2.LHS12,,,57.8,Female,Red,0,0,0,0,Alive,,,,,,FALSE,12,2019-07-09,,0,1,Palinuridae,Panulirus,cygnus
Dongara.Millers.Masters,12.2.LHS35,,,48.9,Male,Red,0,0,0,0,Alive,,,,,,FALSE,12,2019-07-09,,0,1,Palinuridae,Panulirus,cygnus
Dongara.Millers.Masters,12.2.LHS48,,,53.8,Female,Red,0,0,0,0,Alive,,,,,,FALSE,12,2019-07-09,,0,1,Palinuridae,Panulirus,cygnus
Dongara.Millers.Masters,12.2.LHS48,,,67.8,Female,Red,0,0,0,0,Alive,,,,,,FALSE,12,2019-07-09,,0,1,Palinuridae,Panulirus,cygnus
Dongara.Millers.Masters,12.2.LHS31,,,80.8,Male,Red,0,0,0,0,Alive,,,,,,FALSE,12,2019-07-09,,0,1,Palinuridae,Panulirus,cygnus
Dongara.Millers.Masters,12.2.LHS9,,,84,Female,Red,0,0,0,0,Alive,,,,,,FALSE,12,2019-07-09,,0,1,Palinuridae,Panulirus,cygnus
Dongara.Millers.Masters,12.2.LHS9,,,76.7,Female,Red,0,0,0,0,Alive,,,,,,FALSE,12,2019-07-09,,0,1,Palinuridae,Panulirus,cygnus
Dongara.Millers.Masters,12.2.LHS9,,,83.5,Male,Red,0,0,0,0,Alive,,,,,,FALSE,12,2019-07-09,,0,1,Palinuridae,Panulirus,cygnus
Dongara.Millers.Masters,12.2.LHS9,,,68.3,Male,Red,0,0,0,0,Alive,,,,,,FALSE,12,2019-07-09,,0,1,Palinuridae,Panulirus,cygnus
Dongara.Millers.Masters,12.2.LHS9,,,65.3,Female,Red,0,0,0,0,Alive,,,,,,FALSE,12,2019-07-09,,0,1,Palinuridae,Panulirus,cygnus
Dongara.Millers.Masters,12.2.LHS9,,,73,Female,Red,0,0,0,0,Alive,,,,,,FALSE,12,2019-07-09,,0,1,Palinuridae,Panulirus,cygnus
Dongara.Millers.Masters,12.2.LHS9,,,72.7,Male,Red,0,0,0,0,Alive,,,,,,FALSE,12,2019-07-09,,0,1,Palinuridae,Panulirus,cygnus
Dongara.Millers.Masters,12.2.LHS9,,,66,Female,Red,0,0,0,0,Alive,,,,,,FALSE,12,2019-07-09,,0,1,Palinuridae,Panulirus,cygnus
Dongara.Millers.Masters,12.2.LHS9,,,67.4,Male,Red,0,0,0,0,Alive,,,,,,FALSE,12,2019-07-09,,0,1,Palinuridae,Panulirus,cygnus
Dongara.Millers.Masters,12.2.LHS9,,,54.5,Male,Red,0,0,0,0,Alive,,,,,,FALSE,12,2019-07-09,,0,1,Palinuridae,Panulirus,cygnus
Dongara.Millers.Masters,12.2.LHS9,,,60.6,Male,Red,0,0,0,0,Alive,,,,,,FALSE,12,2019-07-09,,0,1,Palinuridae,Panulirus,cygnus
Dongara.Millers.Masters,12.2.GR8,,,56,Male,Red,0,0,0,0,Alive,,,,,,FALSE,12,2019-07-09,,0,1,Palinuridae,Panulirus,cygnus
Dongara.Millers.Masters,12.2.GR8,,,41.5,Female,Red,0,0,0,0,Alive,,,,,,FALSE,12,2019-07-09,,0,1,Palinuridae,Panulirus,cygnus
Dongara.Millers.Masters,12.2.GR8,,,34.6,Male,Red,0,0,0,0,Alive,,,,,,FALSE,12,2019-07-09,,0,1,Palinuridae,Panulirus,cygnus
Dongara.Millers.Masters,12.2.GR5,,,93.2,Male,Red,0,0,0,0,Alive,,,,,,FALSE,12,2019-07-09,,0,1,Palinuridae,Panulirus,cygnus
Dongara.Millers.Masters,12.2.GR5,,,79.8,Male,Red,0,0,0,0,Alive,,,,,,FALSE,12,2019-07-09,,0,1,Palinuridae,Panulirus,cygnus
Dongara.Millers.Masters,12.2.GR5,,,78.2,Female,Red,0,0,0,0,Alive,,,,,,FALSE,12,2019-07-09,,0,1,Palinuridae,Panulirus,cygnus
Dongara.Millers.Masters,12.2.GR27,,,87.7,Male,Red,0,0,0,0,Alive,,,,,,FALSE,12,2019-07-09,,0,1,Palinuridae,Panulirus,cygnus
Dongara.Millers.Masters,12.2.GR27,,,84,Male,Red,0,0,0,0,Alive,,,,,,FALSE,12,2019-07-09,,0,1,Palinuridae,Panulirus,cygnus
Dongara.Millers.Masters,12.2.GR27,195580,TRUE,74.7,Female,Red,0,0,0,0,Alive,,,,,,FALSE,12,2019-07-09,,0,1,Palinuridae,Panulirus,cygnus
Dongara.Millers.Masters,12.2.GR27,,,55.4,Male,Red,0,0,0,0,Alive,,,,,,FALSE,12,2019-07-09,,0,1,Palinuridae,Panulirus,cygnus
Dongara.Millers.Masters,12.2.GR27,195288,TRUE,53,Female,Red,0,0,0,0,Alive,,,,,,FALSE,12,2019-07-09,,0,1,Palinuridae,Panulirus,cygnus
Dongara.Millers.Masters,12.2.GR27,197291,TRUE,55.6,Male,Red,0,0,0,0,Alive,,,,,,FALSE,12,2019-07-09,,0,1,Palinuridae,Panulirus,cygnus
Dongara.Millers.Masters,12.2.GR36,,,81.2,Female,Red,0,0,0,0,Alive,,,,,,FALSE,12,2019-07-09,,0,1,Palinuridae,Panulirus,cygnus
Dongara.Millers.Masters,12.2.GR36,,,73.6,Female,Red,0,0,0,0,Alive,,,,,,FALSE,12,2019-07-09,,0,1,Palinuridae,Panulirus,cygnus
Dongara.Millers.Masters,12.2.GR36,,,70.5,Female,Red,0,0,0,0,Alive,,,,,,FALSE,12,2019-07-09,,0,1,Palinuridae,Panulirus,cygnus
Dongara.Millers.Masters,12.2.GR36,,,70,Male,Red,0,0,0,0,Alive,,,,,,FALSE,12,2019-07-09,,0,1,Palinuridae,Panulirus,cygnus
Dongara.Millers.Masters,12.2.GR36,,,61.1,Male,Red,0,0,0,0,Alive,,,,,,FALSE,12,2019-07-09,,0,1,Palinuridae,Panulirus,cygnus
Dongara.Millers.Masters,12.2.GR36,,,56.1,Male,Red,0,0,0,0,Alive,,,,,,FALSE,12,2019-07-09,,0,1,Palinuridae,Panulirus,cygnus
Dongara.Millers.Masters,12.2.GR36,,,52.8,Male,Red,0,0,0,0,Alive,,,,,,FALSE,12,2019-07-09,,0,1,Palinuridae,Panulirus,cygnus
Dongara.Millers.Masters,12.2.GR36,,,44.3,Male,Red,0,0,0,0,Alive,,,,,,FALSE,12,2019-07-09,,0,1,Palinuridae,Panulirus,cygnus
Dongara.Millers.Masters,12.2.GR36,,,47.6,Male,Red,0,0,0,0,Alive,,,,,,FALSE,12,2019-07-09,,0,1,Palinuridae,Panulirus,cygnus
Dongara.Millers.Masters,12.2.GR36,,,52.9,Male,Red,0,0,0,0,Alive,,,,,,FALSE,12,2019-07-09,,0,1,Palinuridae,Panulirus,cygnus
Dongara.Millers.Masters,12.2.GR36,,,47.6,Male,Red,0,0,0,0,Alive,,,,,,FALSE,12,2019-07-09,,0,1,Palinuridae,Panulirus,cygnus
Dongara.Millers.Masters,12.2.GR36,,,52.9,Male,Red,0,0,0,0,Alive,,,,,,FALSE,12,2019-07-09,,0,1,Palinuridae,Panulirus,cygnus
Dongara.Millers.Masters,12.2.GR36,,,47.6,Male,Red,0,0,0,0,Alive,,,,,,FALSE,12,2019-07-09,,0,1,Palinuridae,Panulirus,cygnus
Dongara.Millers.Masters,12.2.GR36,,,27.3,Male,Red,0,0,0,0,Alive,,,,,,FALSE,12,2019-07-09,,0,1,Palinuridae,Panulirus,cygnus
Dongara.Millers.Masters,12.2.GR45,191746,TRUE,71.2,Male,Red,0,0,0,0,Alive,,,,,,FALSE,12,2019-07-09,,0,1,Palinuridae,Panulirus,cygnus
Dongara.Millers.Masters,12.2.GR45,,,61.5,Male,Red,0,0,0,0,Alive,,,,,,FALSE,12,2019-07-09,,0,1,Palinuridae,Panulirus,cygnus
Dongara.Millers.Masters,12.2.GR13,199302,TRUE,68,Male,Red,0,0,0,0,Alive,,,,,,FALSE,12,2019-07-09,,0,1,Palinuridae,Panulirus,cygnus
Dongara.Millers.Masters,12.2.GR13,199301,TRUE,57.3,Male,Red,0,0,0,0,Alive,,,,,,FALSE,12,2019-07-09,,0,1,Palinuridae,Panulirus,cygnus
Dongara.Millers.Masters,12.2.GR21,,,81.4,Male,Red,0,0,0,0,Alive,,,,,,FALSE,12,2019-07-09,,0,1,Palinuridae,Panulirus,cygnus
Dongara.Millers.Masters,12.2.GR21,K3877,TRUE,98,Male,Red,0,0,0,0,Alive,,,,,,FALSE,12,2019-07-09,,0,1,Palinuridae,Panulirus,cygnus
Dongara.Millers.Masters,12.2.GR21,K2710,TRUE,92.6,Male,Red,0,0,0,0,Alive,,,,,,FALSE,12,2019-07-09,,0,1,Palinuridae,Panulirus,cygnus
Dongara.Millers.Masters,12.2.GR21,,,75.7,Male,Red,0,0,0,0,Alive,,,,,,FALSE,12,2019-07-09,,0,1,Palinuridae,Panulirus,cygnus
Dongara.Millers.Masters,12.2.GR21,195856,TRUE,64.9,Female,Red,0,0,0,0,Alive,,,,,,FALSE,12,2019-07-09,,0,1,Palinuridae,Panulirus,cygnus
Dongara.Millers.Masters,12.2.GR21,197021,TRUE,58.2,Male,Red,0,0,0,0,Alive,,,,,,FALSE,12,2019-07-09,,0,1,Palinuridae,Panulirus,cygnus
Dongara.Millers.Masters,12.2.GR21,197017,TRUE,58.6,Male,Red,0,0,0,0,Alive,,,,,,FALSE,12,2019-07-09,,0,1,Palinuridae,Panulirus,cygnus
Dongara.Millers.Masters,12.2.GR20,K3479,TRUE,95.5,Male,Red,0,0,0,0,Alive,,,,,,FALSE,12,2019-07-09,,0,1,Palinuridae,Panulirus,cygnus
Dongara.Millers.Masters,12.2.GR20,K3480,TRUE,89.2,Male,Red,0,0,0,0,Alive,,,,,,FALSE,12,2019-07-09,,0,1,Palinuridae,Panulirus,cygnus
Dongara.Millers.Masters,12.2.GR20,195643,TRUE,73.3,Male,Red,0,0,0,0,Alive,,,,,,FALSE,12,2019-07-09,,0,1,Palinuridae,Panulirus,cygnus
Dongara.Millers.Masters,12.2.GR20,,,76.3,Male,Red,0,0,0,0,Alive,,,,,,FALSE,12,2019-07-09,,0,1,Palinuridae,Panulirus,cygnus
Dongara.Millers.Masters,12.2.GR34,196708,TRUE,50.3,Male,Red,0,0,0,0,Alive,,,,,,FALSE,12,2019-07-09,,0,1,Palinuridae,Panulirus,cygnus
Dongara.Millers.Masters,12.2.CHN8,,,63.3,Male,Red,0,0,0,0,Alive,,,,,,FALSE,12,2019-07-09,,0,1,Palinuridae,Panulirus,cygnus
Dongara.Millers.Masters,12.2.CHN41,,,77.9,Male,Red,0,0,0,0,Alive,,,,,,FALSE,12,2019-07-09,,0,1,Palinuridae,Panulirus,cygnus
Dongara.Millers.Masters,12.2.CHN28,K2625,TRUE,78.1,Female,Red,0,0,0,0,Alive,,,,,,FALSE,12,2019-07-09,,0,1,Palinuridae,Panulirus,cygnus
Dongara.Millers.Masters,12.2.CHN28,,,68.9,Female,Red,0,0,0,0,Alive,,,,,,FALSE,12,2019-07-09,,0,1,Palinuridae,Panulirus,cygnus
Dongara.Millers.Masters,12.2.CHN28,,,71.8,Female,Red,0,0,0,0,Alive,,,,,,FALSE,12,2019-07-09,,0,1,Palinuridae,Panulirus,cygnus
Dongara.Millers.Masters,12.2.CHN28,,,77.2,Male,Red,0,0,0,0,Alive,,,,,,FALSE,12,2019-07-09,,0,1,Palinuridae,Panulirus,cygnus
Dongara.Millers.Masters,12.2.CHN44,,,79,Female,Red,0,0,0,0,Alive,,,,,,FALSE,12,2019-07-09,,0,1,Palinuridae,Panulirus,cygnus
Dongara.Millers.Masters,12.2.CHN44,,,83.7,Female,Red,0,0,0,0,Alive,,,,,,FALSE,12,2019-07-09,,0,1,Palinuridae,Panulirus,cygnus
Dongara.Millers.Masters,12.2.CHN44,,,54.2,Female,Red,0,0,0,0,Alive,,,,,,FALSE,12,2019-07-09,,0,1,Palinuridae,Panulirus,cygnus
Dongara.Millers.Masters,12.2.CHN44,191819,TRUE,57.7,Female,Red,0,0,0,0,Alive,,,,,,FALSE,12,2019-07-09,,0,1,Palinuridae,Panulirus,cygnus
Dongara.Millers.Masters,12.2.CHN10,191905,TRUE,81.4,Male,Red,0,0,0,0,Alive,,,,,,FALSE,12,2019-07-09,,0,1,Palinuridae,Panulirus,cygnus
Dongara.Millers.Masters,12.2.CHN10,,,78.3,Female,Red,0,0,0,0,Alive,,,,,,FALSE,12,2019-07-09,,0,1,Palinuridae,Panulirus,cygnus
Dongara.Millers.Masters,12.2.CHN10,,,79.4,Male,Red,0,0,0,0,Alive,,,,,,FALSE,12,2019-07-09,,0,1,Palinuridae,Panulirus,cygnus
Dongara.Millers.Masters,12.2.CHN10,,,47.2,Male,Red,0,0,0,0,Alive,,,,,,FALSE,12,2019-07-09,,0,1,Palinuridae,Panulirus,cygnus
Dongara.Millers.Masters,12.2.CHN10,,,76.3,Male,Red,0,0,0,0,Alive,,,,,,FALSE,12,2019-07-09,,0,1,Palinuridae,Panulirus,cygnus
Dongara.Millers.Masters,12.2.CHN23,,,81.9,Female,Red,0,0,0,0,Alive,,,,,,FALSE,12,2019-07-09,,0,1,Palinuridae,Panulirus,cygnus
Dongara.Millers.Masters,12.2.CHN23,,,81.2,Female,Red,0,0,0,0,Alive,,,,,,FALSE,12,2019-07-09,,0,1,Palinuridae,Panulirus,cygnus
Dongara.Millers.Masters,12.2.CHN23,,,69.3,Female,Red,0,0,0,0,Alive,,,,,,FALSE,12,2019-07-09,,0,1,Palinuridae,Panulirus,cygnus
Dongara.Millers.Masters,12.2.CHN23,,,66.8,Female,Red,0,0,0,0,Alive,,,,,,FALSE,12,2019-07-09,,0,1,Palinuridae,Panulirus,cygnus
Dongara.Millers.Masters,12.2.CHN23,,,73.7,Female,Red,0,0,0,0,Alive,,,,,,FALSE,12,2019-07-09,,0,1,Palinuridae,Panulirus,cygnus
Dongara.Millers.Masters,12.2.CHN23,,,40.8,Male,Red,0,0,0,0,Alive,,,,,,FALSE,12,2019-07-09,,0,1,Palinuridae,Panulirus,cygnus
Dongara.Millers.Masters,12.2.CHN32,,,67.3,Female,Red,0,0,0,0,Alive,,,,,,FALSE,12,2019-07-09,,0,1,Palinuridae,Panulirus,cygnus
Dongara.Millers.Masters,12.2.CHN32,,,59.9,Male,Red,0,0,0,0,Alive,,,,,,FALSE,12,2019-07-09,,0,1,Palinuridae,Panulirus,cygnus
Dongara.Millers.Masters,12.2.CHN32,,,85.5,Male,Red,0,0,0,0,Alive,,,,,,FALSE,12,2019-07-09,,0,1,Palinuridae,Panulirus,cygnus
Dongara.Millers.Masters,12.2.CHN40,,,55.7,Male,Red,0,0,0,0,Alive,,,,,,FALSE,12,2019-07-09,,0,1,Palinuridae,Panulirus,cygnus
Dongara.Millers.Masters,12.2.CHN40,,,43.5,Male,Red,0,0,0,0,Alive,,,,,,FALSE,12,2019-07-09,,0,1,Palinuridae,Panulirus,cygnus
Dongara.Millers.Masters,12.2.CHN11,,,55.7,Female,Red,0,0,0,0,Alive,,,,,,FALSE,12,2019-07-09,,0,1,Palinuridae,Panulirus,cygnus
Dongara.Millers.Masters,12.2.CHN2,,,89.9,Male,Red,0,0,0,0,Alive,,,,,,FALSE,12,2019-07-09,,0,1,Palinuridae,Panulirus,cygnus
Dongara.Millers.Masters,12.2.CHN2,,,78,Male,Red,0,0,0,0,Alive,,,,,,FALSE,12,2019-07-09,,0,1,Palinuridae,Panulirus,cygnus
Dongara.Millers.Masters,12.2.CHN2,,,84.1,Male,Red,0,0,0,0,Alive,,,,,,FALSE,12,2019-07-09,,0,1,Palinuridae,Panulirus,cygnus
Dongara.Millers.Masters,12.2.CHN2,,,74.1,Female,Red,0,0,0,0,Alive,,,,,,FALSE,12,2019-07-09,,0,1,Palinuridae,Panulirus,cygnus
Dongara.Millers.Masters,12.2.CHN2,,,72.5,Female,Red,0,0,0,0,Alive,,,,,,FALSE,12,2019-07-09,,0,1,Palinuridae,Panulirus,cygnus
Dongara.Millers.Masters,12.2.CHN2,,,68.5,Female,Red,0,0,0,0,Alive,,,,,,FALSE,12,2019-07-09,,0,1,Palinuridae,Panulirus,cygnus
Dongara.Millers.Masters,12.2.CHN2,,,58.9,Male,Red,0,0,0,0,Alive,,,,,,FALSE,12,2019-07-09,,0,1,Palinuridae,Panulirus,cygnus
Dongara.Millers.Masters,12.2.CHN2,,,65.5,Male,Red,0,0,0,0,Alive,,,,,,FALSE,12,2019-07-09,,0,1,Palinuridae,Panulirus,cygnus
Dongara.Millers.Masters,12.2.CHN2,,,55.7,Male,Red,0,0,0,0,Alive,,,,,,FALSE,12,2019-07-09,,0,1,Palinuridae,Panulirus,cygnus
Dongara.Millers.Masters,12.2.CHN2,,,58.7,Female,Red,0,0,0,0,Alive,,,,,,FALSE,12,2019-07-09,,0,1,Palinuridae,Panulirus,cygnus
Dongara.Millers.Masters,12.2.CHN2,,,64.2,Male,Red,0,0,0,0,Alive,,,,,,FALSE,12,2019-07-09,,0,1,Palinuridae,Panulirus,cygnus
Dongara.Millers.Masters,12.2.CHN22,,,56,Male,Red,0,0,0,0,Alive,,,,,,FALSE,12,2019-07-09,,0,1,Palinuridae,Panulirus,cygnus
Dongara.Millers.Masters,12.2.CHN22,,,63.9,Male,Red,0,0,0,0,Alive,,,,,,FALSE,12,2019-07-09,,0,1,Palinuridae,Panulirus,cygnus
Dongara.Millers.Masters,12.2.CHN22,,,55,Male,Red,0,0,0,0,Alive,,,,,,FALSE,12,2019-07-09,,0,1,Palinuridae,Panulirus,cygnus
Dongara.Millers.Masters,12.2.CHN50,,,82.4,Male,Red,0,0,0,0,Alive,,,,,,FALSE,12,2019-07-09,,0,1,Palinuridae,Panulirus,cygnus
Dongara.Millers.Masters,12.2.CHN50,,,59.4,Female,Red,0,0,0,0,Alive,,,,,,FALSE,12,2019-07-09,,0,1,Palinuridae,Panulirus,cygnus
Dongara.Millers.Masters,12.2.CHN46,K3533,TRUE,85.5,Male,Red,0,0,0,0,Alive,,,,,,FALSE,12,2019-07-09,,0,1,Palinuridae,Panulirus,cygnus
Dongara.Millers.Masters,12.2.CHN46,,,71.8,Male,Red,0,0,0,0,Alive,,,,,,FALSE,12,2019-07-09,,0,1,Palinuridae,Panulirus,cygnus
Dongara.Millers.Masters,12.2.CHN46,,,79.8,Male,Red,0,0,0,0,Alive,,,,,,FALSE,12,2019-07-09,,0,1,Palinuridae,Panulirus,cygnus
Dongara.Millers.Masters,12.2.CHN4,,,89.3,Male,Red,0,0,0,0,Alive,,,,,,FALSE,12,2019-07-09,,0,1,Palinuridae,Panulirus,cygnus
Dongara.Millers.Masters,12.2.CHN4,196981,TRUE,60.2,Female,Red,0,0,0,0,Alive,,,,,,FALSE,12,2019-07-09,,0,1,Palinuridae,Panulirus,cygnus
Dongara.Millers.Masters,12.2.CHN4,196980,TRUE,60.2,Female,Red,0,0,0,0,Alive,,,,,,FALSE,12,2019-07-09,,0,1,Palinuridae,Panulirus,cygnus
Dongara.Millers.Masters,12.2.CHN4,,,84,Male,Red,0,0,0,0,Alive,,,,,,FALSE,12,2019-07-09,,0,1,Palinuridae,Panulirus,cygnus
Dongara.Millers.Masters,12.2.CHN16,,,82.4,Male,Red,0,0,0,0,Alive,,,,,,FALSE,12,2019-07-09,,0,1,Palinuridae,Panulirus,cygnus
Dongara.Millers.Masters,12.2.CHN16,K4357,TRUE,87.4,Male,Red,0,0,0,0,Alive,,,,,,FALSE,12,2019-07-09,,0,1,Palinuridae,Panulirus,cygnus
Dongara.Millers.Masters,12.2.CHN16,,,80.4,Male,Red,0,0,0,0,Alive,,,,,,FALSE,12,2019-07-09,,0,1,Palinuridae,Panulirus,cygnus
Dongara.Millers.Masters,12.2.CHN16,191261,TRUE,74.1,Male,Red,0,0,0,0,Alive,,,,,,FALSE,12,2019-07-09,,0,1,Palinuridae,Panulirus,cygnus
Dongara.Millers.Masters,12.2.CHN16,,,62.5,Female,Red,0,0,0,0,Alive,,,,,,FALSE,12,2019-07-09,,0,1,Palinuridae,Panulirus,cygnus
Dongara.Millers.Masters,12.2.CHN16,,,53.1,Male,Red,0,0,0,0,Alive,,,,,,FALSE,12,2019-07-09,,0,1,Palinuridae,Panulirus,cygnus
Dongara.Millers.Masters,12.2.CHN16,,,59.4,Female,Red,0,0,0,0,Alive,,,,,,FALSE,12,2019-07-09,,0,1,Palinuridae,Panulirus,cygnus
Dongara.Millers.Masters,12.2.CHN16,,,60.8,Female,Red,0,0,0,0,Alive,,,,,,FALSE,12,2019-07-09,,0,1,Palinuridae,Panulirus,cygnus
Dongara.Millers.Masters,12.2.CHN16,,,51.1,Male,Red,0,0,0,0,Alive,,,,,,FALSE,12,2019-07-09,,0,1,Palinuridae,Panulirus,cygnus
Dongara.Millers.Masters,12.2.CHN16,,,51.3,Female,Red,0,0,0,0,Alive,,,,,,FALSE,12,2019-07-09,,0,1,Palinuridae,Panulirus,cygnus
Dongara.Millers.Masters,12.2.CHN16,,,55.4,Male,Red,0,0,0,0,Alive,,,,,,FALSE,12,2019-07-09,,0,1,Palinuridae,Panulirus,cygnus
Dongara.Millers.Masters,12.2.CHN16,,,48.4,Male,Red,0,0,0,0,Alive,,,,,,FALSE,12,2019-07-09,,0,1,Palinuridae,Panulirus,cygnus
Dongara.Millers.Masters,12.2.CHN19,195514,TRUE,73.3,Male,Red,0,0,0,0,Alive,,,,,,FALSE,12,2019-07-09,,0,1,Palinuridae,Panulirus,cygnus
Dongara.Millers.Masters,12.2.CHN19,,,58.1,Male,Red,0,0,0,0,Alive,,,,,,FALSE,12,2019-07-09,,0,1,Palinuridae,Panulirus,cygnus
Dongara.Millers.Masters,12.2.CHN19,,,65.1,Female,Red,0,0,0,0,Alive,,,,,,FALSE,12,2019-07-09,,0,1,Palinuridae,Panulirus,cygnus
Dongara.Millers.Masters,12.2.CHN19,,,72.5,Female,Red,0,0,0,0,Alive,,,,,,FALSE,12,2019-07-09,,0,1,Palinuridae,Panulirus,cygnus
Dongara.Millers.Masters,12.2.CHN19,,,80.5,Male,Red,0,0,0,0,Alive,,,,,,FALSE,12,2019-07-09,,0,1,Palinuridae,Panulirus,cygnus
Dongara.Millers.Masters,12.2.CHN19,196992,TRUE,55.3,Male,Red,0,0,0,0,Alive,,,,,,FALSE,12,2019-07-09,,0,1,Palinuridae,Panulirus,cygnus
